Time,ID,Lat,Lon,Alt,SSID1,MAC1,Frequency1,Signal1,SSID2,MAC2,Frequency2,Signal2,SSID3,MAC3,Frequency3,Signal3,SSID4,MAC4,Frequency4,Signal4,SSID5,MAC5,Frequency5,Signal5,SSID6,MAC6,Frequency6,Signal6,SSID7,MAC7,Frequency7,Signal7,SSID8,MAC8,Frequency8,Signal8,SSID9,MAC9,Frequency9,Signal9,SSID10,MAC10,Frequency10,Signal10,
28/10/2017 20:10,model=IPHONE,34.8785105,32.09029801,51,Partner,42501_10221_1480505,0,-77,,,,,,,,,,,,,,,,,,,,,,,,,,,,,,,,,,,,
28/10/2017 20:10,model=IPHONE,34.87862948,32.09038727,56,Bezeq-NGN_E9CBFB,cc:b2:55:e9:cb:fc,6,-68,BezeqFree,5a:ee:0c:3c:36:8e,1,-83,che,48:ee:0c:3c:36:8d,1,-85,Ness,c4:12:f5:f7:4a:40,8,-85,,,,,,,,,,,,,,,,,,,,,,,,
28/10/2017 20:10,model=IPHONE,34.8785252,32.09033945,50,ester10,c0:ac:54:f5:b5:7b,1,-73,HOTBOX-Tatyana,d4:7b:b0:79:ca:1e,1,-74,Ness,c4:12:f5:f7:4a:40,8,-77,igor,14:ae:db:44:fa:bd,1,-81,Dima,8c:59:c3:ea:db:86,11,-83,DIRECT-A9-HP DeskJet 3830 series,dc:4a:3e:0c:8b:aa,6,-83,Gorge 2.4 G,90:8d:78:54:df:51,5,-83,Partner,42501_10221_1480505,0,-83,Solomon,10:be:f5:3c:a7:b4,3,-87,,,,
28/10/2017 20:10,model=IPHONE,34.8786141,32.0909486,0,Partner,42501_10221_1448394,0,-69,dani2305,e0:ce:c3:1a:31:75,6,-79,FHOME,14:cc:20:c8:83:9c,5,-83,Arnoldo 2.4,70:62:b8:31:80:4a,1,-83,TP,f0:b4:29:88:90:94,1,-84,,,,,,,,,,,,,,,,,,,,
28/10/2017 20:11,model=IPHONE,34.87407499,32.0908967,57,jony,14:ae:db:32:bc:da,2,-74,BezeqFree,14:af:db:32:bc:da,2,-77,TP-LINK_6C94A6,60:e3:27:6c:94:a6,11,-79,tiram,d0:d4:12:5e:73:e2,6,-79,Mariano2.4,3c:1e:04:04:cf:53,9,-81,BezeqFree,06:ae:db:49:01:35,6,-81,Yakov,64:70:02:57:c8:26,1,-81,Yair,14:ae:db:b6:8d:b5,1,-82,Shilat15,14:ae:db:4d:2b:35,9,-82,avi_2.4,10:5a:f7:08:7b:35,
28/10/2017 20:11,model=IPHONE,34.87115922,32.09115523,54,shay,f4:ec:38:b0:77:d8,4,-81,TP-LINK_D63A06,00:27:19:d6:3a:06,9,-84,stotyak,7c:03:4c:ba:e4:6a,1,-85,Arcon_Sat,48:ee:0c:3c:2a:f3,9,-87,Partner,42501_10221_1448398,0,-99,,,,,,,,,,,,,,,,,,,,
28/10/2017 20:11,model=IPHONE,34.87681355,32.09050935,53,Partner,42501_10221_1480509,0,-73,,,,,,,,,,,,,,,,,,,,,,,,,,,,,,,,,,,,
28/10/2017 20:11,model=IPHONE,34.87181885,32.09108168,54,"DIRECT-xy55"" Philips 6158",d2:ae:ec:57:bc:f2,1,-79,shiran,14:ae:db:37:ab:a5,6,-79,tom123,b0:48:7a:c2:71:de,7,-81,BezeqFree,06:ae:db:37:ab:a5,6,-81,Shahar,30:46:9a:23:bb:74,6,-86,elinor,e0:ce:c3:86:9a:ec,1,-87,BezeqFree,06:ae:db:59:9b:75,1,-88,BezeqFree,06:ae:db:59:9c:05,11,-88,HP-Print-42-Deskjet 4640 series,28:80:23:f6:85:42,6,-88,salma,14:ae:db:59:9b:75,
28/10/2017 20:11,model=IPHONE,34.87439124,32.09085776,54,Xiaomi_2DEE,28:6c:07:c4:2d:ef,6,-80,Bezeq-a_4B00,6c:2e:85:fe:b5:7e,11,-88,ToTheNet,a0:ab:1b:5e:14:22,4,-89,TP-LINK_B37960,30:b5:c2:b3:79:60,4,-89,,,,,,,,,,,,,,,,,,,,,,,,
28/10/2017 20:11,model=IPHONE,34.8705555,32.09125802,54,BezeqFree,06:ae:db:37:ab:a5,6,-78,"DIRECT-xy55"" Philips 6158",d2:ae:ec:57:bc:f2,1,-79,shiran,14:ae:db:37:ab:a5,6,-80,tom123,b0:48:7a:c2:71:de,7,-85,Shahar,30:46:9a:23:bb:74,6,-86,elinor,e0:ce:c3:86:9a:ec,1,-87,BezeqFree,06:ae:db:59:9b:75,1,-87,BezeqFree,06:ae:db:59:9c:05,11,-88,HP-Print-42-Deskjet 4640 series,28:80:23:f6:85:42,6,-88,salma,14:ae:db:59:9b:75,
28/10/2017 20:11,model=IPHONE,34.87454983,32.09084613,54,Glenda,08:6a:0a:22:4d:25,1,-72,mherab,a0:ab:1b:5d:4f:10,11,-73,Bezeq Free,6a:ab:1b:5d:4f:11,11,-74,Anatoliy,00:78:9e:fb:85:8e,1,-76,Nirman,c4:12:f5:f6:7c:0a,11,-77,Dimitry26,14:ae:db:52:9e:45,1,-78,HOTBOX-52F3,e8:d1:1b:73:52:f9,1,-78,Solomon,10:be:f5:3c:a7:b4,3,-79,Bobrov,80:1f:02:e3:9a:4b,8,-79,BezeqFree,6a:12:f5:f6:7c:0b,
28/10/2017 20:11,model=IPHONE,34.87591729,32.09067595,51,Glenda,08:6a:0a:22:4d:25,1,-72,mherab,a0:ab:1b:5d:4f:10,11,-73,Bezeq Free,6a:ab:1b:5d:4f:11,11,-74,Anatoliy,00:78:9e:fb:85:8e,1,-76,Nirman,c4:12:f5:f6:7c:0a,11,-77,Dimitry26,14:ae:db:52:9e:45,1,-78,HOTBOX-52F3,e8:d1:1b:73:52:f9,1,-78,Solomon,10:be:f5:3c:a7:b4,3,-79,Bobrov,80:1f:02:e3:9a:4b,8,-79,BezeqFree,6a:12:f5:f6:7c:0b,
28/10/2017 20:11,model=IPHONE,34.87301859,32.09098162,56,BezeqFree,06:ae:db:49:01:35,6,-81,Yakov,64:70:02:57:c8:26,1,-81,Shilat15,14:ae:db:4d:2b:35,9,-82,Ilana,14:ae:db:49:01:35,6,-83,BezeqFree,06:ae:db:b6:8d:b5,1,-84,Daniel,48:ee:0c:3e:9c:cd,3,-86,Tamir_E,fc:b4:e6:d0:07:f3,1,-86,elad-k,14:ae:db:52:89:75,11,-86,jt255,e8:fc:af:95:43:1d,1,-86,Orit,c0:ac:54:f6:2e:e8,
28/10/2017 20:11,model=IPHONE,34.87842737,32.09026265,56,Solomon,10:be:f5:3c:a7:b4,3,-79,Bobrov,80:1f:02:e3:9a:4b,8,-79,Diana,40:65:a3:23:a1:04,11,-82,HOTBOX-3304,c0:ac:54:f8:09:e4,1,-84,Censureded,18:a6:f7:8e:1c:5a,11,-84,Diana,c0:d9:62:f4:fa:de,11,-85,TP-LINK_2.4GHz_FEC6D9,30:b5:c2:fe:c6:d9,6,-87,DIRECT-F1-HP DeskJet 4670 series,fc:3f:db:e5:74:f2,11,-87,Partner-4G-1E3F,88:28:b3:8a:1e:3f,2,-87,Gorge 5G,90:8d:78:54:df:50,
28/10/2017 20:11,model=IPHONE,34.87318999,32.09097213,56,Anatoliy,00:78:9e:fb:85:8e,1,-76,Xiaomi_2DEE,28:6c:07:c4:2d:ef,6,-80,328933171,14:ae:db:49:5e:cd,11,-82,BezeqFree,06:ae:db:49:5e:cd,11,-86,Moshe,40:65:a3:24:ee:97,1,-86,Eran,a4:2b:8c:97:11:cb,1,-86,Bezeq-a_4B00,6c:2e:85:fe:b5:7e,11,-88,ToTheNet,a0:ab:1b:5e:14:22,4,-89,TP-LINK_B37960,30:b5:c2:b3:79:60,4,-89,levi20,00:78:9e:fa:c0:81,
28/10/2017 20:11,model=IPHONE,34.8751963,32.09076483,52,jony,14:ae:db:32:bc:da,2,-74,BezeqFree,14:af:db:32:bc:da,2,-77,TP-LINK_6C94A6,60:e3:27:6c:94:a6,11,-79,tiram,d0:d4:12:5e:73:e2,6,-79,Mariano2.4,3c:1e:04:04:cf:53,9,-81,BezeqFree,06:ae:db:49:01:35,6,-81,Yakov,64:70:02:57:c8:26,1,-81,Yair,14:ae:db:b6:8d:b5,1,-82,avi_2.4,10:5a:f7:08:7b:35,1,-83,Ilana,14:ae:db:49:01:35,
28/10/2017 20:11,model=IPHONE,34.87198823,32.09106638,54,Anatoliy,00:78:9e:fb:85:8e,1,-76,Xiaomi_2DEE,28:6c:07:c4:2d:ef,6,-80,BezeqFree,06:ae:db:49:01:35,6,-81,Yakov,64:70:02:57:c8:26,1,-81,328933171,14:ae:db:49:5e:cd,11,-82,Shilat15,14:ae:db:4d:2b:35,9,-82,Ilana,14:ae:db:49:01:35,6,-83,BezeqFree,06:ae:db:b6:8d:b5,1,-84,BezeqFree,06:ae:db:49:5e:cd,11,-86,Moshe,40:65:a3:24:ee:97,
28/10/2017 20:11,model=IPHONE,34.87098609,32.09118585,54,levi20,00:78:9e:fa:c0:81,1,-92,Liraz,7c:b7:33:bf:f7:72,7,-93,Itaythepro1_2.4,ec:08:6b:68:02:77,1,-95,,,,,,,,,,,,,,,,,,,,,,,,,,,,
28/10/2017 20:11,model=IPHONE,34.87665276,32.09052945,53,jony,14:ae:db:32:bc:da,2,-74,BezeqFree,14:af:db:32:bc:da,2,-77,TP-LINK_6C94A6,60:e3:27:6c:94:a6,11,-79,tiram,d0:d4:12:5e:73:e2,6,-79,Mariano2.4,3c:1e:04:04:cf:53,9,-81,Yair,14:ae:db:b6:8d:b5,1,-82,avi_2.4,10:5a:f7:08:7b:35,1,-83,BezeqFree,06:ae:db:b6:8d:b5,1,-83,jony_5,14:ae:db:32:bc:dd,48,-86,itzhakm-5,f8:e9:03:14:70:c2,
28/10/2017 20:11,model=IPHONE,34.87696121,32.09048524,52,Glenda,08:6a:0a:22:4d:25,1,-72,mherab,a0:ab:1b:5d:4f:10,11,-73,Partner,42501_10221_1480505,0,-73,Bezeq Free,6a:ab:1b:5d:4f:11,11,-74,Nirman,c4:12:f5:f6:7c:0a,11,-77,Dimitry26,14:ae:db:52:9e:45,1,-78,HOTBOX-52F3,e8:d1:1b:73:52:f9,1,-78,Solomon,10:be:f5:3c:a7:b4,3,-79,Bobrov,80:1f:02:e3:9a:4b,8,-79,Anatoliy,00:78:9e:fb:85:8e,
28/10/2017 20:12,model=IPHONE,34.86591824,32.09164442,55,HUAWEI_P9_D3F4,02:1a:11:f8:cd:0e,6,-89,,,,,,,,,,,,,,,,,,,,,,,,,,,,,,,,,,,,
28/10/2017 20:12,model=IPHONE,34.86699416,32.09161542,53,Constantine,c4:04:15:49:68:30,1,-75,Partner,42501_10192_1278690,0,-77,jacobr,14:ae:db:c2:2f:a5,11,-80,HUAWEI_P9_D3F4,02:1a:11:f8:cd:0e,6,-89,,,,,,,,,,,,,,,,,,,,,,,,
28/10/2017 20:12,model=IPHONE,34.86516455,32.09171458,52,Partner,42501_10192_1278690,0,-65,KavimK-wifi,34:0a:12:31:21:75,7,-82,,,,,,,,,,,,,,,,,,,,,,,,,,,,,,,,
28/10/2017 20:12,model=IPHONE,34.868505,32.09143451,58,HUAWEI_P9_D3F4,02:1a:11:f8:cd:0e,6,-89,,,,,,,,,,,,,,,,,,,,,,,,,,,,,,,,,,,,
28/10/2017 20:12,model=IPHONE,34.86639299,32.09163642,53,Partner,42501_10192_1278690,0,-65,,,,,,,,,,,,,,,,,,,,,,,,,,,,,,,,,,,,
28/10/2017 20:12,model=IPHONE,34.86397436,32.09179807,51,Partner,42501_10192_1278690,0,-61,KavimK-wifi,34:0a:12:31:21:75,7,-82,,,,,,,,,,,,,,,,,,,,,,,,,,,,,,,,
28/10/2017 20:12,model=IPHONE,34.86988774,32.09129876,56,Constantine,c4:04:15:49:68:30,1,-75,jacobr,14:ae:db:c2:2f:a5,11,-80,shay,f4:ec:38:b0:77:d8,4,-81,TP-LINK_D63A06,00:27:19:d6:3a:06,9,-84,stotyak,7c:03:4c:ba:e4:6a,1,-85,Arcon_Sat,48:ee:0c:3c:2a:f3,9,-87,levi20,00:78:9e:fa:c0:81,1,-92,Liraz,7c:b7:33:bf:f7:72,7,-93,Itaythepro1_2.4,ec:08:6b:68:02:77,1,-95,,,,
28/10/2017 20:12,model=IPHONE,34.86275618,32.09191292,49,Partner,42501_10192_2147483647,0,-73,KavimK-wifi,34:0a:12:31:21:75,7,-82,,,,,,,,,,,,,,,,,,,,,,,,,,,,,,,,
28/10/2017 20:12,model=IPHONE,34.86974324,32.09130094,56,Partner,42501_10221_2147483647,0,-87,,,,,,,,,,,,,,,,,,,,,,,,,,,,,,,,,,,,
28/10/2017 20:12,model=IPHONE,34.86870832,32.09139368,57,Constantine,c4:04:15:49:68:30,1,-75,jacobr,14:ae:db:c2:2f:a5,11,-80,shay,f4:ec:38:b0:77:d8,4,-81,TP-LINK_D63A06,00:27:19:d6:3a:06,9,-84,stotyak,7c:03:4c:ba:e4:6a,1,-85,Arcon_Sat,48:ee:0c:3c:2a:f3,9,-87,Partner,42501_10221_2147483647,0,-87,,,,,,,,,,,,
28/10/2017 20:12,model=IPHONE,34.86949182,32.09132612,56,BezeqFree,06:ae:db:37:ab:a5,6,-78,"DIRECT-xy55"" Philips 6158",d2:ae:ec:57:bc:f2,1,-79,shiran,14:ae:db:37:ab:a5,6,-80,tom123,b0:48:7a:c2:71:de,7,-85,Shahar,30:46:9a:23:bb:74,6,-86,elinor,e0:ce:c3:86:9a:ec,1,-87,BezeqFree,06:ae:db:59:9b:75,1,-87,BezeqFree,06:ae:db:59:9c:05,11,-88,HP-Print-42-Deskjet 4640 series,28:80:23:f6:85:42,6,-88,salma,14:ae:db:59:9b:75,
28/10/2017 20:12,model=IPHONE,34.86338304,32.09181503,54,YICarCam_boris12345,58:70:c6:fe:2b:cd,7,-89,,,,,,,,,,,,,,,,,,,,,,,,,,,,,,,,,,,,
28/10/2017 20:12,model=IPHONE,34.86484638,32.09172718,52,HUAWEI_P9_D3F4,02:1a:11:f8:cd:0e,6,-89,,,,,,,,,,,,,,,,,,,,,,,,,,,,,,,,,,,,
28/10/2017 20:13,model=IPHONE,34.86250364,32.09193916,50,Partner,42501_10192_1248709,0,-73,,,,,,,,,,,,,,,,,,,,,,,,,,,,,,,,,,,,
28/10/2017 20:13,model=IPHONE,34.86234519,32.09196996,50,Partner,42501_10192_1248712,0,-63,,,,,,,,,,,,,,,,,,,,,,,,,,,,,,,,,,,,
28/10/2017 20:13,model=IPHONE,34.86237634,32.09197014,50,Partner,42501_10192_1248712,0,-75,YICarCam_boris12345,58:70:c6:fe:2b:cd,7,-88,,,,,,,,,,,,,,,,,,,,,,,,,,,,,,,,
28/10/2017 20:14,model=IPHONE,34.86176203,32.09206295,43,Partner,42501_10192_1248705,0,-71,DIRECT-A7-HP PageWide Pro 477dw,fe:3f:db:b9:40:a7,6,-85,Automazia-Wireless,d4:68:4d:33:93:08,11,-90,,,,,,,,,,,,,,,,,,,,,,,,,,,,
28/10/2017 20:14,model=IPHONE,34.86136928,32.09208492,42,YICarCam_boris12345,58:70:c6:fe:2b:cd,7,-88,,,,,,,,,,,,,,,,,,,,,,,,,,,,,,,,,,,,
28/10/2017 20:14,model=IPHONE,34.86040277,32.09217571,45,Bezeq_WiFi,10:be:f5:43:84:80,2,-87,,80:1f:02:d7:c2:77,2,-87,,,,,,,,,,,,,,,,,,,,,,,,,,,,,,,,
28/10/2017 20:14,model=IPHONE,34.86219582,32.09200053,43,Partner,42501_10192_1248706,0,-59,,,,,,,,,,,,,,,,,,,,,,,,,,,,,,,,,,,,
28/10/2017 20:14,model=IPHONE,34.86013385,32.09219587,47,TF-WIFI_392678,02:2f:4f:34:9d:33,1,-91,,,,,,,,,,,,,,,,,,,,,,,,,,,,,,,,,,,,
28/10/2017 20:14,model=IPHONE,34.86075996,32.09212305,44,Partner,42501_10192_1248705,0,-69,DIRECT-A7-HP PageWide Pro 477dw,fe:3f:db:b9:40:a7,6,-85,Automazia-Wireless,d4:68:4d:33:93:08,11,-90,,,,,,,,,,,,,,,,,,,,,,,,,,,,
28/10/2017 20:14,model=IPHONE,34.86023842,32.09218641,46,YICarCam_boris12345,58:70:c6:fe:2b:cd,7,-88,,,,,,,,,,,,,,,,,,,,,,,,,,,,,,,,,,,,
28/10/2017 20:15,model=IPHONE,34.8561583,32.09250039,61,Partner,42501_10192_1281305,0,-65,,,,,,,,,,,,,,,,,,,,,,,,,,,,,,,,,,,,
28/10/2017 20:15,model=IPHONE,34.86006989,32.09217381,52,MizmorGuest,4a:d9:e7:59:4a:c2,3,-78,sch,b4:c7:99:9a:22:a0,11,-91,,,,,,,,,,,,,,,,,,,,,,,,,,,,,,,,
28/10/2017 20:15,model=IPHONE,34.85675064,32.0924281,67,Partner,42501_10192_1248707,0,-63,Alex111,c4:12:f5:fd:07:1e,4,-82,TP-LINK_3DF8,60:e3:27:e8:3d:f8,1,-85,Dacia_2.4,80:37:73:de:0a:0a,11,-87,BezeqFree,72:12:f5:f9:b0:6f,8,-87,BezeqFree,06:ae:db:39:65:05,11,-88,,88:dc:96:56:7f:11,36,-88,golan_print,c8:be:19:08:01:e1,11,-88,DIRECT-88-HP OfficeJet Pro 8710,ec:8e:b5:05:27:89,6,-88,Kenia-2.4,3c:1e:04:07:87:7d,
28/10/2017 20:15,model=IPHONE,34.8600917,32.09218707,51,Partner,42501_10192_1248705,0,-61,,,,,,,,,,,,,,,,,,,,,,,,,,,,,,,,,,,,
28/10/2017 20:15,model=IPHONE,34.85574853,32.09257387,48,Alex111,c4:12:f5:fd:07:1e,4,-82,TP-LINK_3DF8,60:e3:27:e8:3d:f8,1,-85,Dacia_2.4,80:37:73:de:0a:0a,11,-87,BezeqFree,72:12:f5:f9:b0:6f,8,-87,BezeqFree,06:ae:db:39:65:05,11,-88,,88:dc:96:56:7f:11,36,-88,golan_print,c8:be:19:08:01:e1,11,-88,DIRECT-88-HP OfficeJet Pro 8710,ec:8e:b5:05:27:89,6,-88,Kenia-2.4,3c:1e:04:07:87:7d,1,-89,amigo-pt_2.4,c4:12:f5:83:9a:8b,
28/10/2017 20:15,model=IPHONE,34.85889581,32.09229414,48,Partner,42501_10192_1248705,0,-75,MizmorGuest,4a:d9:e7:59:4a:c2,3,-78,sch_free,b4:c7:99:9a:22:a1,11,-90,sch,b4:c7:99:9a:22:a0,11,-91,,,,,,,,,,,,,,,,,,,,,,,,
28/10/2017 20:15,model=IPHONE,34.8599072,32.0922021,46,sch_free,b4:c7:99:9a:22:a1,11,-90,,,,,,,,,,,,,,,,,,,,,,,,,,,,,,,,,,,,
28/10/2017 20:15,model=IPHONE,34.85943686,32.09225908,49,Dacia_2.4,80:37:73:de:0a:0a,11,-87,,,,,,,,,,,,,,,,,,,,,,,,,,,,,,,,,,,,
28/10/2017 20:15,model=IPHONE,34.85809306,32.09232314,40,Partner,42501_10192_1248707,0,-67,Dacia_2.4,80:37:73:de:0a:0a,11,-87,BezeqFree,06:ae:db:39:65:05,11,-88,,88:dc:96:56:7f:11,36,-88,Kenia-2.4,3c:1e:04:07:87:7d,1,-89,,,,,,,,,,,,,,,,,,,,
28/10/2017 20:15,model=IPHONE,34.8592542,32.09227596,49,BezeqFree,06:ae:db:39:65:05,11,-88,,,,,,,,,,,,,,,,,,,,,,,,,,,,,,,,,,,,
28/10/2017 20:16,model=IPHONE,34.8527212,32.09281896,43,mr-scorpion academy,20:0c:c8:11:3d:a1,6,-87,Bezeq_WiFi,10:be:f5:a8:54:2c,9,-89,Bezeq Free P02D8E,52:0c:c8:11:3d:a2,6,-89,HP-Print-89-Officejet Pro 6830,70:5a:0f:02:e2:89,6,-91,Bezeq Free,14:ae:db:c0:ae:b5,1,-91,Etzion,00:1d:aa:7c:8a:e4,11,-92,DIRECT-NGPhaser 3020,9e:93:4e:37:e4:29,11,-92,,,,,,,,,,,,
28/10/2017 20:16,model=IPHONE,34.85170645,32.09278624,41,gal-almagor,14:ae:db:3e:92:c2,5,-76,yair1976,a0:ab:1b:55:5a:58,1,-77,Peer,00:1d:aa:0e:dc:48,11,-83,porsche-il,54:a2:74:12:b3:51,11,-84,agenda-fogel,14:ae:db:c2:09:9d,1,-85,Partner,42501_10192_1279786,0,-85,mr-scorpion academy,20:0c:c8:11:3d:a1,6,-87,Highdent,00:1d:aa:7c:97:80,11,-88,Olam Hesed Guest,30:b5:c2:85:25:16,11,-88,osi,54:a2:74:12:b3:50,
28/10/2017 20:16,model=IPHONE,34.85515105,32.09261704,46,Partner,42501_10192_1281305,0,-69,mr-scorpion academy,20:0c:c8:11:3d:a1,6,-81,Bezeq Free P02D8E,52:0c:c8:11:3d:a2,6,-83,gal-almagor,14:ae:db:3e:92:c2,5,-87,Bezeq_WiFi,10:be:f5:a8:54:2c,9,-87,yair1976,a0:ab:1b:55:5a:58,1,-88,HP-Print-89-Officejet Pro 6830,70:5a:0f:02:e2:89,6,-91,Bezeq Free,14:ae:db:c0:ae:b5,1,-91,Etzion,00:1d:aa:7c:8a:e4,11,-92,DIRECT-NGPhaser 3020,9e:93:4e:37:e4:29,
28/10/2017 20:16,model=IPHONE,34.85259739,32.09282349,43,megraligabi,c4:e9:84:2f:85:d6,9,-85,General,bc:30:7e:16:59:51,1,-88,,,,,,,,,,,,,,,,,,,,,,,,,,,,,,,,
28/10/2017 20:16,model=IPHONE,34.85058414,32.09265138,43,gal-almagor,14:ae:db:3e:92:c2,5,-76,porsche-il,54:a2:74:12:b3:51,11,-84,osi,54:a2:74:12:b3:50,11,-88,,,,,,,,,,,,,,,,,,,,,,,,,,,,
28/10/2017 20:16,model=IPHONE,34.85114973,32.09270499,41,Partner,42501_10192_1251816,0,-81,,,,,,,,,,,,,,,,,,,,,,,,,,,,,,,,,,,,
28/10/2017 20:16,model=IPHONE,34.85003091,32.0926061,34,Migdal_WiFi,04:bd:88:a2:16:d0,36,-90,Migdal_Guests,04:bd:88:a2:16:d1,36,-93,Migdal_Guests,04:bd:88:a2:16:c1,11,-94,,,,,,,,,,,,,,,,,,,,,,,,,,,,
28/10/2017 20:16,model=IPHONE,34.8532235,32.09278272,44,gal-almagor,14:ae:db:3e:92:c2,5,-76,yair1976,a0:ab:1b:55:5a:58,1,-77,Partner,42501_10192_1279786,0,-77,Alex111,c4:12:f5:fd:07:1e,4,-82,Peer,00:1d:aa:0e:dc:48,11,-83,DIRECT-PhM288x Series,32:cd:a7:a4:7e:0e,6,-83,porsche-il,54:a2:74:12:b3:51,11,-84,TP-LINK_3DF8,60:e3:27:e8:3d:f8,1,-85,agenda-fogel,14:ae:db:c2:09:9d,1,-85,BezeqFree,72:12:f5:f9:b0:6f,
28/10/2017 20:16,model=IPHONE,34.85017422,32.09263878,43,Partner,42501_10192_1251823,0,-73,,,,,,,,,,,,,,,,,,,,,,,,,,,,,,,,,,,,
28/10/2017 20:16,model=IPHONE,34.85001719,32.09265869,40,Partner,42501_10192_1251823,0,-63,,,,,,,,,,,,,,,,,,,,,,,,,,,,,,,,,,,,
28/10/2017 20:16,model=IPHONE,34.85234983,32.09281145,43,Partner,42501_10192_1281307,0,-87,,,,,,,,,,,,,,,,,,,,,,,,,,,,,,,,,,,,
28/10/2017 20:16,model=IPHONE,34.85388537,32.09266805,43,mr-scorpion academy,20:0c:c8:11:3d:a1,6,-87,Bezeq_WiFi,10:be:f5:a8:54:2c,9,-89,Bezeq Free P02D8E,52:0c:c8:11:3d:a2,6,-89,HP-Print-89-Officejet Pro 6830,70:5a:0f:02:e2:89,6,-91,Bezeq Free,14:ae:db:c0:ae:b5,1,-91,Etzion,00:1d:aa:7c:8a:e4,11,-92,DIRECT-NGPhaser 3020,9e:93:4e:37:e4:29,11,-92,,,,,,,,,,,,
28/10/2017 20:16,model=IPHONE,34.8546826,32.09263455,45,Partner,42501_10192_1279786,0,-69,yair1976,a0:ab:1b:55:5a:58,1,-77,gal-almagor,14:ae:db:3e:92:c2,5,-80,Alex111,c4:12:f5:fd:07:1e,4,-82,Peer,00:1d:aa:0e:dc:48,11,-83,DIRECT-PhM288x Series,32:cd:a7:a4:7e:0e,6,-83,TP-LINK_3DF8,60:e3:27:e8:3d:f8,1,-85,agenda-fogel,14:ae:db:c2:09:9d,1,-85,BezeqFree,72:12:f5:f9:b0:6f,8,-87,golan_print,c8:be:19:08:01:e1,
28/10/2017 20:16,model=IPHONE,34.85157567,32.09276946,41,megraligabi,c4:e9:84:2f:85:d6,9,-85,General,bc:30:7e:16:59:51,1,-88,,,,,,,,,,,,,,,,,,,,,,,,,,,,,,,,
28/10/2017 20:17,model=IPHONE,34.85000339,32.09257953,23,Migdal_WiFi,04:bd:88:a2:13:e0,1,-89,Migdal_Guests,04:bd:88:a2:13:e1,1,-92,,,,,,,,,,,,,,,,,,,,,,,,,,,,,,,,
28/10/2017 20:17,model=IPHONE,34.84830893,32.09274636,41,Partner,42501_10192_1246653,0,-63,Migdal_Guests,04:bd:88:a2:17:e1,1,-79,Migdal_WiFi,04:bd:88:a2:17:e0,1,-80,Migdal_Guests,04:bd:88:a2:15:61,1,-82,Migdal_WiFi,04:bd:88:a2:15:60,1,-85,,88:dc:96:38:3e:5e,2,-87,Migdal_WiFi,04:bd:88:a2:13:f0,58,-90,Migdal_Guests,04:bd:88:a2:13:f1,58,-90,,,,,,,,
28/10/2017 20:17,model=IPHONE,34.84954512,32.09271524,39,Migdal_Guests,04:bd:88:a2:17:e1,1,-79,Migdal_WiFi,04:bd:88:a2:17:e0,1,-80,Migdal_WiFi,04:bd:88:a2:15:60,1,-94,,,,,,,,,,,,,,,,,,,,,,,,,,,,
28/10/2017 20:17,model=IPHONE,34.84871887,32.09273005,39,Partner,42501_10192_1251823,0,-63,Migdal_Guests,04:bd:88:a2:13:e1,1,-91,,,,,,,,,,,,,,,,,,,,,,,,,,,,,,,,
28/10/2017 20:17,model=IPHONE,34.85005221,32.09268462,30,Partner,42501_10192_1251816,0,-65,Migdal_Guests,04:bd:88:a2:16:d1,36,-85,Migdal_Guests,04:bd:88:a2:0e:e1,1,-94,,,,,,,,,,,,,,,,,,,,,,,,,,,,
28/10/2017 20:17,model=IPHONE,34.84933016,32.09269956,40,Migdal_Guests,04:bd:88:a2:15:61,1,-82,Migdal_WiFi,04:bd:88:a2:15:60,1,-85,,88:dc:96:38:3e:5e,2,-87,Migdal_WiFi,04:bd:88:a2:13:f0,58,-90,Migdal_Guests,04:bd:88:a2:13:f1,58,-90,,,,,,,,,,,,,,,,,,,,
28/10/2017 20:18,model=IPHONE,34.84740534,32.09923009,37,Partner,42501_10192_1247713,0,-51,,,,,,,,,,,,,,,,,,,,,,,,,,,,,,,,,,,,
28/10/2017 20:18,model=IPHONE,34.84676526,32.0975339,38,Partner,42501_10192_1247713,0,-69,,88:dc:96:17:c0:de,2,-84,,,,,,,,,,,,,,,,,,,,,,,,,,,,,,,,
28/10/2017 20:18,model=IPHONE,34.84629387,32.09605849,42,Partner,42501_10192_1247713,0,-71,,88:dc:96:17:c0:de,2,-84,,,,,,,,,,,,,,,,,,,,,,,,,,,,,,,,
28/10/2017 20:18,model=IPHONE,34.84665659,32.09283991,43,Partner,42501_10192_1251815,0,-71,,,,,,,,,,,,,,,,,,,,,,,,,,,,,,,,,,,,
28/10/2017 20:18,model=IPHONE,34.84694153,32.0926021,44,Partner,42501_10192_1251823,0,-65,,,,,,,,,,,,,,,,,,,,,,,,,,,,,,,,,,,,
28/10/2017 20:18,model=IPHONE,34.84611852,32.09347206,42,Partner,42501_10192_1251815,0,-65,,,,,,,,,,,,,,,,,,,,,,,,,,,,,,,,,,,,
28/10/2017 20:18,model=IPHONE,34.84654544,32.09293776,44,kremer - efal,f4:f2:6d:b1:4f:12,1,-89,,,,,,,,,,,,,,,,,,,,,,,,,,,,,,,,,,,,
28/10/2017 20:18,model=IPHONE,34.84717821,32.09864922,38,,88:dc:96:17:c0:de,2,-88,,,,,,,,,,,,,,,,,,,,,,,,,,,,,,,,,,,,
28/10/2017 20:18,model=IPHONE,34.84763428,32.09264292,40,kremer - efal,f4:f2:6d:b1:4f:12,1,-89,,,,,,,,,,,,,,,,,,,,,,,,,,,,,,,,,,,,
28/10/2017 20:18,model=IPHONE,34.84606537,32.09404695,43,Partner,42501_10192_1251822,0,-65,,,,,,,,,,,,,,,,,,,,,,,,,,,,,,,,,,,,
28/10/2017 20:18,model=IPHONE,34.84720259,32.09258733,41,Partner,42501_10192_1246653,0,-65,Migdal_Guests,04:bd:88:a2:15:61,1,-82,Migdal_WiFi,04:bd:88:a2:15:60,1,-85,,88:dc:96:38:3e:5e,2,-87,Migdal_WiFi,04:bd:88:a2:13:f0,58,-90,Migdal_Guests,04:bd:88:a2:13:f1,58,-90,,,,,,,,,,,,,,,,
28/10/2017 20:18,model=IPHONE,34.84762607,32.09980809,35,,88:dc:96:17:c0:de,2,-88,,,,,,,,,,,,,,,,,,,,,,,,,,,,,,,,,,,,
28/10/2017 20:18,model=IPHONE,34.84611494,32.09515601,43,Partner,42501_10192_1251822,0,-65,,,,,,,,,,,,,,,,,,,,,,,,,,,,,,,,,,,,
28/10/2017 20:18,model=IPHONE,34.84689372,32.09789414,38,Partner,42501_10192_1247713,0,-61,,,,,,,,,,,,,,,,,,,,,,,,,,,,,,,,,,,,
28/10/2017 20:19,model=IPHONE,34.84816789,32.10154808,35,Partner,42501_10192_1247712,0,-61,,,,,,,,,,,,,,,,,,,,,,,,,,,,,,,,,,,,
28/10/2017 20:19,model=IPHONE,34.849035,32.10539449,38,Partner,42501_10192_1247712,0,-71,Guest,10:bd:18:a6:43:12,1,-91,ire_onboarding,00:50:f1:00:4a:10,1,-92,HUAWEI-6714,94:fe:22:46:67:14,6,-92,,,,,,,,,,,,,,,,,,,,,,,,
28/10/2017 20:19,model=IPHONE,34.84961704,32.10790908,33,Partner,42501_10192_2147483647,0,-79,Egged.co.il,00:0c:42:51:bb:b8,1,-80,HUAWEI-6714,94:fe:22:46:67:14,6,-92,,,,,,,,,,,,,,,,,,,,,,,,,,,,
28/10/2017 20:19,model=IPHONE,34.84970233,32.10831478,33,Partner,42501_10192_2147483647,0,-65,,,,,,,,,,,,,,,,,,,,,,,,,,,,,,,,,,,,
28/10/2017 20:19,model=IPHONE,34.84830214,32.10212717,36,,88:dc:96:17:c0:de,2,-79,,,,,,,,,,,,,,,,,,,,,,,,,,,,,,,,,,,,
28/10/2017 20:19,model=IPHONE,34.84912803,32.10580833,36,,88:dc:96:17:c0:de,2,-79,,,,,,,,,,,,,,,,,,,,,,,,,,,,,,,,,,,,
28/10/2017 20:19,model=IPHONE,34.84790349,32.10075029,35,,88:dc:96:17:c0:de,2,-79,,,,,,,,,,,,,,,,,,,,,,,,,,,,,,,,,,,,
28/10/2017 20:19,model=IPHONE,34.85041614,32.11143569,31,Partner,42501_10192_1276263,0,-69,Egged.co.il,00:0c:42:51:bb:b8,1,-80,,,,,,,,,,,,,,,,,,,,,,,,,,,,,,,,
28/10/2017 20:19,model=IPHONE,34.84798531,32.10094455,35,Partner,42501_10192_2147483647,0,-61,,,,,,,,,,,,,,,,,,,,,,,,,,,,,,,,,,,,
28/10/2017 20:19,model=IPHONE,34.84885717,32.10458393,39,,88:dc:96:17:c0:de,2,-79,,,,,,,,,,,,,,,,,,,,,,,,,,,,,,,,,,,,
28/10/2017 20:19,model=IPHONE,34.84855947,32.10334671,39,,88:dc:96:17:c0:de,2,-79,,,,,,,,,,,,,,,,,,,,,,,,,,,,,,,,,,,,
28/10/2017 20:19,model=IPHONE,34.84984409,32.1089385,32,Egged.co.il,00:0c:42:51:bb:b8,1,-80,HUAWEI-6714,94:fe:22:46:67:14,6,-92,,,,,,,,,,,,,,,,,,,,,,,,,,,,,,,,
28/10/2017 20:19,model=IPHONE,34.85007455,32.10998101,33,Partner,42501_10192_1276263,0,-63,Egged.co.il,00:0c:42:51:bb:b8,1,-80,HUAWEI-6714,94:fe:22:46:67:14,6,-92,,,,,,,,,,,,,,,,,,,,,,,,,,,,
28/10/2017 20:19,model=IPHONE,34.85055736,32.11205276,31,Partner,42501_10192_1276262,0,-73,,,,,,,,,,,,,,,,,,,,,,,,,,,,,,,,,,,,
28/10/2017 20:19,model=IPHONE,34.84864987,32.10375293,39,Guest,10:bd:18:a6:43:12,1,-91,,,,,,,,,,,,,,,,,,,,,,,,,,,,,,,,,,,,
28/10/2017 20:19,model=IPHONE,34.84848176,32.10293781,39,Partner,42501_10192_1247712,0,-57,ire_onboarding,00:50:f1:00:4a:10,1,-92,,,,,,,,,,,,,,,,,,,,,,,,,,,,,,,,
28/10/2017 20:19,model=IPHONE,34.84870881,32.1039678,39,Partner,42501_10192_1247712,0,-67,ire_onboarding,00:50:f1:00:4a:10,1,-92,,,,,,,,,,,,,,,,,,,,,,,,,,,,,,,,
28/10/2017 20:19,model=IPHONE,34.84927923,32.10643842,35,Partner,42501_10192_1247712,0,-75,Guest,10:bd:18:a6:43:12,1,-91,ire_onboarding,00:50:f1:00:4a:10,1,-92,HUAWEI-6714,94:fe:22:46:67:14,6,-92,,,,,,,,,,,,,,,,,,,,,,,,
28/10/2017 20:19,model=IPHONE,34.84785357,32.10056465,35,Partner,42501_10192_1247713,0,-61,,,,,,,,,,,,,,,,,,,,,,,,,,,,,,,,,,,,
28/10/2017 20:19,model=IPHONE,34.84998264,32.10956268,33,Partner,42501_10192_2147483647,0,-63,,,,,,,,,,,,,,,,,,,,,,,,,,,,,,,,,,,,
28/10/2017 20:20,model=IPHONE,34.85185811,32.11766611,34,Partner,42501_10131_855317,0,-65,,,,,,,,,,,,,,,,,,,,,,,,,,,,,,,,,,,,
28/10/2017 20:20,model=IPHONE,34.85358761,32.12146687,35,YICarCam_f581fb,58:70:c6:f5:81:fb,6,-73,,,,,,,,,,,,,,,,,,,,,,,,,,,,,,,,,,,,
28/10/2017 20:20,model=IPHONE,34.85207838,32.11849344,34,Egged.co.il,6c:fd:b9:68:52:50,1,-90,,,,,,,,,,,,,,,,,,,,,,,,,,,,,,,,,,,,
28/10/2017 20:20,model=IPHONE,34.85375172,32.12170635,38,vYou_DDPai_M6Plus,44:2c:05:d2:f4:32,1,-90,,,,,,,,,,,,,,,,,,,,,,,,,,,,,,,,,,,,
28/10/2017 20:20,model=IPHONE,34.85160787,32.11655261,31,Partner,42501_10131_855317,0,-65,,,,,,,,,,,,,,,,,,,,,,,,,,,,,,,,,,,,
28/10/2017 20:20,model=IPHONE,34.85336222,32.12114107,35,Partner,42501_10131_855317,0,-51,,,,,,,,,,,,,,,,,,,,,,,,,,,,,,,,,,,,
28/10/2017 20:20,model=IPHONE,34.85073332,32.11285503,32,Egged.co.il,00:0c:42:51:bb:b8,1,-80,,,,,,,,,,,,,,,,,,,,,,,,,,,,,,,,,,,,
28/10/2017 20:20,model=IPHONE,34.85081072,32.11323898,31,Partner,42501_10192_1276262,0,-71,,,,,,,,,,,,,,,,,,,,,,,,,,,,,,,,,,,,
28/10/2017 20:20,model=IPHONE,34.85134123,32.11553359,33,Partner,42501_10131_855317,0,-69,,,,,,,,,,,,,,,,,,,,,,,,,,,,,,,,,,,,
28/10/2017 20:20,model=IPHONE,34.85109724,32.11442283,31,Partner,42501_10192_1276262,0,-67,,,,,,,,,,,,,,,,,,,,,,,,,,,,,,,,,,,,
28/10/2017 20:20,model=IPHONE,34.85291092,32.12036765,36,YICarCam_f581fb,58:70:c6:f5:81:fb,6,-73,,,,,,,,,,,,,,,,,,,,,,,,,,,,,,,,,,,,
28/10/2017 20:20,model=IPHONE,34.85270446,32.11995251,35,Partner,42501_10131_855317,0,-57,,,,,,,,,,,,,,,,,,,,,,,,,,,,,,,,,,,,
28/10/2017 20:20,model=IPHONE,34.85251481,32.11953343,33,Egged.co.il,6c:fd:b9:68:52:50,1,-90,,,,,,,,,,,,,,,,,,,,,,,,,,,,,,,,,,,,
28/10/2017 20:20,model=IPHONE,34.85212649,32.11863333,34,Partner,42501_10131_855317,0,-57,,,,,,,,,,,,,,,,,,,,,,,,,,,,,,,,,,,,
28/10/2017 20:20,model=IPHONE,34.85236598,32.11922415,35,YICarCam_f581fb,58:70:c6:f5:81:fb,6,-73,,,,,,,,,,,,,,,,,,,,,,,,,,,,,,,,,,,,
28/10/2017 20:20,model=IPHONE,34.85307469,32.12065634,34,Egged.co.il,6c:fd:b9:68:52:50,1,-90,vYou_DDPai_M6Plus,44:2c:05:d2:f4:32,1,-93,,,,,,,,,,,,,,,,,,,,,,,,,,,,,,,,
28/10/2017 20:21,model=IPHONE,34.85657339,32.12447777,52,HUAWEI-37A5,10:b1:f8:d9:37:a5,3,-73,,88:dc:96:59:79:04,40,-89,,,,,,,,,,,,,,,,,,,,,,,,,,,,,,,,
28/10/2017 20:21,model=IPHONE,34.85526675,32.12498981,55,Partner,42501_10131_855317,0,-69,HUAWEI-37A5,10:b1:f8:d9:37:a5,3,-73,,88:dc:96:59:79:04,40,-89,,,,,,,,,,,,,,,,,,,,,,,,,,,,
28/10/2017 20:21,model=IPHONE,34.85670544,32.12474567,38,Partner,42501_10131_852857,0,-69,HUAWEI-3EA5,10:b1:f8:d9:3e:a5,3,-80,,,,,,,,,,,,,,,,,,,,,,,,,,,,,,,,
28/10/2017 20:21,model=IPHONE,34.8556201,32.12383654,42,Partner,42501_10131_855317,0,-57,HUAWEI-3EA5,10:b1:f8:d9:3e:a5,3,-80,,,,,,,,,,,,,,,,,,,,,,,,,,,,,,,,
28/10/2017 20:21,model=IPHONE,34.85470493,32.12296111,41,vYou_DDPai_M6Plus,44:2c:05:d2:f4:32,1,-90,,,,,,,,,,,,,,,,,,,,,,,,,,,,,,,,,,,,
28/10/2017 20:21,model=IPHONE,34.85708968,32.12502051,41,Partner,42501_10131_852857,0,-61,,,,,,,,,,,,,,,,,,,,,,,,,,,,,,,,,,,,
28/10/2017 20:21,model=IPHONE,34.85440457,32.12257728,37,YICarCam_f581fb,58:70:c6:f5:81:fb,6,-73,,,,,,,,,,,,,,,,,,,,,,,,,,,,,,,,,,,,
28/10/2017 20:21,model=IPHONE,34.85422459,32.12235271,37,Partner,42501_10131_855317,0,-51,,,,,,,,,,,,,,,,,,,,,,,,,,,,,,,,,,,,
28/10/2017 20:22,model=IPHONE,34.84740031,32.12830343,64,Partner,42501_10131_917453,0,-77,,,,,,,,,,,,,,,,,,,,,,,,,,,,,,,,,,,,
28/10/2017 20:22,model=IPHONE,34.85032376,32.12711489,55,Partner,42501_10131_855315,0,-69,,,,,,,,,,,,,,,,,,,,,,,,,,,,,,,,,,,,
28/10/2017 20:22,model=IPHONE,34.84603344,32.12880838,69,Partner,42501_10131_917453,0,-77,,,,,,,,,,,,,,,,,,,,,,,,,,,,,,,,,,,,
28/10/2017 20:22,model=IPHONE,34.85095731,32.12688384,56,Partner,42501_10131_855308,0,-69,,,,,,,,,,,,,,,,,,,,,,,,,,,,,,,,,,,,
28/10/2017 20:22,model=IPHONE,34.84968974,32.12737562,56,Partner,42501_10131_917453,0,-69,,,,,,,,,,,,,,,,,,,,,,,,,,,,,,,,,,,,
28/10/2017 20:22,model=IPHONE,34.84850555,32.1278058,59,Partner,42501_10131_917453,0,-77,,,,,,,,,,,,,,,,,,,,,,,,,,,,,,,,,,,,
28/10/2017 20:22,model=IPHONE,34.85205615,32.12640266,54,Partner,42501_10131_855317,0,-69,HUAWEI-37A5,10:b1:f8:d9:37:a5,3,-73,,88:dc:96:59:79:04,40,-89,,,,,,,,,,,,,,,,,,,,,,,,,,,,
28/10/2017 20:22,model=IPHONE,34.85425377,32.12547759,54,Partner,42501_10131_855317,0,-69,HUAWEI-37A5,10:b1:f8:d9:37:a5,3,-73,,88:dc:96:59:79:04,40,-89,,,,,,,,,,,,,,,,,,,,,,,,,,,,
28/10/2017 20:22,model=IPHONE,34.85314778,32.12590306,55,Partner,42501_10131_855317,0,-63,HUAWEI-37A5,10:b1:f8:d9:37:a5,3,-73,,88:dc:96:59:79:04,40,-89,,,,,,,,,,,,,,,,,,,,,,,,,,,,
28/10/2017 20:23,model=IPHONE,34.84304361,32.13008297,77,Partner,42501_10131_917453,0,-71,,,,,,,,,,,,,,,,,,,,,,,,,,,,,,,,,,,,
28/10/2017 20:23,model=IPHONE,34.84027992,32.13119855,74,Partner,42501_10131_917455,0,-83,NIPPON_6002,08:97:58:33:32:fe,1,-92,,,,,,,,,,,,,,,,,,,,,,,,,,,,,,,,
28/10/2017 20:23,model=IPHONE,34.84476309,32.1293468,74,Partner,42501_10131_917453,0,-71,,,,,,,,,,,,,,,,,,,,,,,,,,,,,,,,,,,,
28/10/2017 20:23,model=IPHONE,34.83505095,32.13362637,77,Partner,42501_10131_2147483647,0,-71,DansCarCam,58:70:c6:f7:c3:fd,5,-78,,,,,,,,,,,,,,,,,,,,,,,,,,,,,,,,
28/10/2017 20:23,model=IPHONE,34.83868554,32.1318137,80,Partner,42501_10131_917455,0,-69,NIPPON_6002,08:97:58:33:32:fe,1,-92,,,,,,,,,,,,,,,,,,,,,,,,,,,,,,,,
28/10/2017 20:23,model=IPHONE,34.84195764,32.13058008,77,Partner,42501_10131_917453,0,-69,,,,,,,,,,,,,,,,,,,,,,,,,,,,,,,,,,,,
28/10/2017 20:23,model=IPHONE,34.84104361,32.13091051,80,Partner,42501_10131_917453,0,-63,,,,,,,,,,,,,,,,,,,,,,,,,,,,,,,,,,,,
28/10/2017 20:23,model=IPHONE,34.83762145,32.13221624,77,Partner,42501_10131_917455,0,-73,NIPPON_6002,08:97:58:33:32:fe,1,-92,,,,,,,,,,,,,,,,,,,,,,,,,,,,,,,,
28/10/2017 20:23,model=IPHONE,34.83653431,32.13271899,81,Partner,42501_10131_917455,0,-75,DansCarCam,58:70:c6:f7:c3:fd,5,-78,NIPPON_6002,08:97:58:33:32:fe,1,-92,,,,,,,,,,,,,,,,,,,,,,,,,,,,
28/10/2017 20:24,model=IPHONE,34.83184749,32.13556967,67,Partner,42501_10131_852728,0,-75,DansCarCam,58:70:c6:f7:c3:fd,5,-78,YICarCam_00c234,58:70:c6:00:c2:34,6,-84,,,,,,,,,,,,,,,,,,,,,,,,,,,,
28/10/2017 20:24,model=IPHONE,34.83349287,32.13448402,72,Partner,42501_10131_852733,0,-73,DansCarCam,58:70:c6:f7:c3:fd,5,-78,YICarCam_00c234,58:70:c6:00:c2:34,6,-84,,,,,,,,,,,,,,,,,,,,,,,,,,,,
28/10/2017 20:24,model=IPHONE,34.82284187,32.13814067,60,Partner,42501_10131_891006,0,-57,,,,,,,,,,,,,,,,,,,,,,,,,,,,,,,,,,,,
28/10/2017 20:24,model=IPHONE,34.82551615,32.13758243,60,Partner,42501_10131_2147483647,0,-65,Ksolomon Outdoor,dc:9f:db:5a:d4:ed,3,-92,,,,,,,,,,,,,,,,,,,,,,,,,,,,,,,,
28/10/2017 20:24,model=IPHONE,34.82174473,32.13833157,60,Partner,42501_10131_891006,0,-57,Ksolomon Outdoor,dc:9f:db:5a:d4:ed,3,-92,,,,,,,,,,,,,,,,,,,,,,,,,,,,,,,,
28/10/2017 20:24,model=IPHONE,34.82367804,32.1379915,58,Partner,42501_10131_891006,0,-63,,,,,,,,,,,,,,,,,,,,,,,,,,,,,,,,,,,,
28/10/2017 20:24,model=IPHONE,34.83057202,32.1362062,64,Partner,42501_10131_852728,0,-71,YICarCam_00c234,58:70:c6:00:c2:34,6,-84,,,,,,,,,,,,,,,,,,,,,,,,,,,,,,,,
28/10/2017 20:24,model=IPHONE,34.82926142,32.13669509,59,Partner,42501_10131_852728,0,-69,YICarCam_00c234,58:70:c6:00:c2:34,6,-84,,,,,,,,,,,,,,,,,,,,,,,,,,,,,,,,
28/10/2017 20:24,model=IPHONE,34.82646979,32.13740413,60,Partner,42501_10131_852728,0,-89,,,,,,,,,,,,,,,,,,,,,,,,,,,,,,,,,,,,
28/10/2017 20:24,model=IPHONE,34.82787581,32.13711402,61,Partner,42501_10131_852728,0,-79,,,,,,,,,,,,,,,,,,,,,,,,,,,,,,,,,,,,
28/10/2017 20:24,model=IPHONE,34.82435787,32.13783029,54,Partner,42501_10131_2147483647,0,-69,Ksolomon Outdoor,dc:9f:db:5a:d4:ed,3,-92,,,,,,,,,,,,,,,,,,,,,,,,,,,,,,,,
28/10/2017 20:24,model=IPHONE,34.82323537,32.13808182,59,Ksolomon Outdoor,dc:9f:db:5a:d4:ed,3,-92,,,,,,,,,,,,,,,,,,,,,,,,,,,,,,,,,,,,
28/10/2017 20:25,model=IPHONE,34.81038204,32.14108617,46,Partner,42501_10131_853053,0,-65,,,,,,,,,,,,,,,,,,,,,,,,,,,,,,,,,,,,
28/10/2017 20:25,model=IPHONE,34.81333853,32.13888958,51,Partner,42501_10131_853053,0,-81,,,,,,,,,,,,,,,,,,,,,,,,,,,,,,,,,,,,
28/10/2017 20:25,model=IPHONE,34.81432722,32.13874247,52,Partner,42501_10131_891004,0,-77,,,,,,,,,,,,,,,,,,,,,,,,,,,,,,,,,,,,
28/10/2017 20:25,model=IPHONE,34.81963455,32.1387161,56,Partner,42501_10131_891006,0,-57,,,,,,,,,,,,,,,,,,,,,,,,,,,,,,,,,,,,
28/10/2017 20:25,model=IPHONE,34.81554974,32.13874534,54,Partner,42501_10131_891004,0,-75,,,,,,,,,,,,,,,,,,,,,,,,,,,,,,,,,,,,
28/10/2017 20:25,model=IPHONE,34.8180936,32.13877826,57,Partner,42501_10131_891004,0,-61,,,,,,,,,,,,,,,,,,,,,,,,,,,,,,,,,,,,
28/10/2017 20:25,model=IPHONE,34.81086067,32.13967611,49,Partner,42501_10131_853053,0,-67,,,,,,,,,,,,,,,,,,,,,,,,,,,,,,,,,,,,
28/10/2017 20:25,model=IPHONE,34.81129882,32.13938723,49,Partner,42501_10131_853053,0,-73,,,,,,,,,,,,,,,,,,,,,,,,,,,,,,,,,,,,
28/10/2017 20:25,model=IPHONE,34.81224906,32.13910179,48,Partner,42501_10131_853053,0,-79,,,,,,,,,,,,,,,,,,,,,,,,,,,,,,,,,,,,
28/10/2017 20:25,model=IPHONE,34.82106223,32.13845419,60,Partner,42501_10131_891006,0,-51,,,,,,,,,,,,,,,,,,,,,,,,,,,,,,,,,,,,
28/10/2017 20:25,model=IPHONE,34.8168643,32.13885359,52,Partner,42501_10131_891004,0,-65,,,,,,,,,,,,,,,,,,,,,,,,,,,,,,,,,,,,
28/10/2017 20:25,model=IPHONE,34.82012297,32.13864484,56,Ksolomon Outdoor,dc:9f:db:5a:d4:ed,3,-92,,,,,,,,,,,,,,,,,,,,,,,,,,,,,,,,,,,,
28/10/2017 20:25,model=IPHONE,34.81892292,32.13881159,57,Partner,42501_10131_891004,0,-71,Ksolomon Outdoor,dc:9f:db:5a:d4:ed,3,-92,,,,,,,,,,,,,,,,,,,,,,,,,,,,,,,,
28/10/2017 20:26,model=IPHONE,34.81141431,32.14633696,43,Partner,42501_10131_853053,0,-79,,,,,,,,,,,,,,,,,,,,,,,,,,,,,,,,,,,,
28/10/2017 20:26,model=IPHONE,34.81322129,32.15138138,51,Partner,42501_10131_887513,0,-63,,,,,,,,,,,,,,,,,,,,,,,,,,,,,,,,,,,,
28/10/2017 20:26,model=IPHONE,34.81370119,32.1526478,51,Partner,42501_10131_887513,0,-63,,,,,,,,,,,,,,,,,,,,,,,,,,,,,,,,,,,,
28/10/2017 20:26,model=IPHONE,34.81274392,32.15014964,50,Partner,42501_10131_887513,0,-67,,,,,,,,,,,,,,,,,,,,,,,,,,,,,,,,,,,,
28/10/2017 20:26,model=IPHONE,34.81065131,32.1440377,44,Partner,42501_10131_853056,0,-77,,,,,,,,,,,,,,,,,,,,,,,,,,,,,,,,,,,,
28/10/2017 20:26,model=IPHONE,34.81095058,32.14514628,45,Partner,42501_10131_853056,0,-77,,,,,,,,,,,,,,,,,,,,,,,,,,,,,,,,,,,,
28/10/2017 20:26,model=IPHONE,34.81232499,32.14890879,45,Partner,42501_10131_887513,0,-71,,,,,,,,,,,,,,,,,,,,,,,,,,,,,,,,,,,,
28/10/2017 20:26,model=IPHONE,34.81042947,32.14284875,45,Partner,42501_10131_853056,0,-73,,,,,,,,,,,,,,,,,,,,,,,,,,,,,,,,,,,,
28/10/2017 20:26,model=IPHONE,34.811688,32.1471909,44,Partner,42501_10131_887513,0,-77,,,,,,,,,,,,,,,,,,,,,,,,,,,,,,,,,,,,
28/10/2017 20:26,model=IPHONE,34.81036877,32.1416438,47,Partner,42501_10131_853056,0,-69,,,,,,,,,,,,,,,,,,,,,,,,,,,,,,,,,,,,
28/10/2017 20:26,model=IPHONE,34.81208284,32.14825201,44,Partner,42501_10131_887513,0,-79,,,,,,,,,,,,,,,,,,,,,,,,,,,,,,,,,,,,
28/10/2017 20:27,model=IPHONE,34.81466423,32.15527415,50,Partner,42501_10131_887514,0,-69,,,,,,,,,,,,,,,,,,,,,,,,,,,,,,,,,,,,
28/10/2017 20:27,model=IPHONE,34.81614244,32.15893539,51,Partner,42501_10131_887514,0,-85,,,,,,,,,,,,,,,,,,,,,,,,,,,,,,,,,,,,
28/10/2017 20:27,model=IPHONE,34.81839177,32.16136656,53,Partner,42501_10131_888980,0,-75,,,,,,,,,,,,,,,,,,,,,,,,,,,,,,,,,,,,
28/10/2017 20:27,model=IPHONE,34.81730426,32.1618493,52,Partner,42501_10131_888980,0,-89,,,,,,,,,,,,,,,,,,,,,,,,,,,,,,,,,,,,
28/10/2017 20:27,model=IPHONE,34.81524137,32.1566045,50,Partner,42501_10131_887514,0,-69,,,,,,,,,,,,,,,,,,,,,,,,,,,,,,,,,,,,
28/10/2017 20:27,model=IPHONE,34.81752706,32.16217455,53,Partner,42501_10131_888980,0,-83,,,,,,,,,,,,,,,,,,,,,,,,,,,,,,,,,,,,
28/10/2017 20:27,model=IPHONE,34.81417935,32.1539384,50,Partner,42501_10131_887514,0,-65,,,,,,,,,,,,,,,,,,,,,,,,,,,,,,,,,,,,
28/10/2017 20:27,model=IPHONE,34.81575136,32.15785731,50,Partner,42501_10131_887514,0,-73,,,,,,,,,,,,,,,,,,,,,,,,,,,,,,,,,,,,
28/10/2017 20:27,model=IPHONE,34.81716361,32.16158685,54,Partner,42501_10131_882994,0,-89,,,,,,,,,,,,,,,,,,,,,,,,,,,,,,,,,,,,
28/10/2017 20:27,model=IPHONE,34.81677874,32.16050468,53,Partner,42501_10131_882994,0,-89,,,,,,,,,,,,,,,,,,,,,,,,,,,,,,,,,,,,
28/10/2017 20:27,model=IPHONE,34.81656678,32.16000561,52,Partner,42501_10131_887514,0,-89,,,,,,,,,,,,,,,,,,,,,,,,,,,,,,,,,,,,
28/10/2017 20:28,model=IPHONE,34.81483091,32.16054205,59,Partner,42501_10131_888980,0,-83,,,,,,,,,,,,,,,,,,,,,,,,,,,,,,,,,,,,
28/10/2017 20:28,model=IPHONE,34.81241069,32.16033443,46,hy-pack,00:1d:0f:ea:83:59,6,-87,iPhone,3a:65:90:02:b7:a8,1,-90,,,,,,,,,,,,,,,,,,,,,,,,,,,,,,,,
28/10/2017 20:28,model=IPHONE,34.81699317,32.16084519,60,Partner,42501_10131_888980,0,-77,,,,,,,,,,,,,,,,,,,,,,,,,,,,,,,,,,,,
28/10/2017 20:28,model=IPHONE,34.81346205,32.16039201,49,hy-pack,00:1d:0f:ea:83:59,6,-87,iPhone,3a:65:90:02:b7:a8,1,-90,Partner,42501_10131_882990,0,-91,,,,,,,,,,,,,,,,,,,,,,,,,,,,
28/10/2017 20:28,model=IPHONE,34.81328465,32.16036566,48,Partner,42501_10131_861579,0,-99,,,,,,,,,,,,,,,,,,,,,,,,,,,,,,,,,,,,
28/10/2017 20:28,model=IPHONE,34.8153191,32.16061184,59,Partner,42501_10131_882990,0,-79,,,,,,,,,,,,,,,,,,,,,,,,,,,,,,,,,,,,
28/10/2017 20:28,model=IPHONE,34.81820126,32.16123294,55,Partner,42501_10131_888980,0,-69,,,,,,,,,,,,,,,,,,,,,,,,,,,,,,,,,,,,
28/10/2017 20:28,model=IPHONE,34.81202239,32.16036855,47,Partner,42501_10131_861579,0,-79,NIPPON_3422,08:97:58:33:e0:b8,2,-85,,,,,,,,,,,,,,,,,,,,,,,,,,,,,,,,
28/10/2017 20:28,model=IPHONE,34.81643212,32.16074225,61,Partner,42501_10131_882990,0,-81,,,,,,,,,,,,,,,,,,,,,,,,,,,,,,,,,,,,
28/10/2017 20:28,model=IPHONE,34.81278234,32.16034521,48,Partner,42501_10131_861579,0,-93,,,,,,,,,,,,,,,,,,,,,,,,,,,,,,,,,,,,
28/10/2017 20:29,model=IPHONE,34.81197835,32.16031178,43,Partner,42501_10131_861579,0,-71,CarDV-WIFI89e5,44:33:4c:20:80:9c,11,-90,,88:dc:96:17:c1:5c,6,-91,,,,,,,,,,,,,,,,,,,,,,,,,,,,
28/10/2017 20:29,model=IPHONE,34.81197963,32.16030835,44,CarDV-WIFI89e5,44:33:4c:20:80:9c,11,-96,,,,,,,,,,,,,,,,,,,,,,,,,,,,,,,,,,,,
28/10/2017 20:30,model=IPHONE,34.80999563,32.16131895,36,Partner,42501_10131_861579,0,-59,,,,,,,,,,,,,,,,,,,,,,,,,,,,,,,,,,,,
28/10/2017 20:30,model=IPHONE,34.80946799,32.16174181,38,Partner,42501_10131_2147483647,0,-51,,88:dc:96:17:c0:9e,6,-71,EF_Guest,56:d9:e7:d7:c6:14,1,-72,WiFi01,84:18:3a:38:5c:68,3,-73,PlariumGuests,84:18:3a:78:5c:68,3,-73,elastifile,46:d9:e7:d7:c6:14,1,-73,,88:dc:96:17:c1:5c,6,-73,Plarium_Dev,84:18:3a:b8:5c:68,3,-75,Partner-4G-8AB4,b0:89:00:d8:8a:b4,5,-76,BI WIFI,34:8f:27:e0:75:b8,
28/10/2017 20:30,model=IPHONE,34.80978916,32.1623526,51,offise2.4,48:ee:0c:3e:ad:41,8,-77,MeetingRoom-Fuji,14:cc:20:ac:a8:ec,8,-84,MWTL Mobile (POMS),ec:8c:a2:88:f1:98,4,-89,MWTL,ec:8c:a2:48:f1:98,4,-90,,,,,,,,,,,,,,,,,,,,,,,,
28/10/2017 20:30,model=IPHONE,34.81006761,32.16282313,50,Partner,42501_10131_852359,0,-65,,88:dc:96:17:c0:9e,6,-71,EF_Guest,56:d9:e7:d7:c6:14,1,-72,elastifile,46:d9:e7:d7:c6:14,1,-73,Partner-4G-8AB4,b0:89:00:d8:8a:b4,5,-76,4G_UFI-E63,3a:12:2d:b9:ce:63,3,-82,AP-1 station,68:72:51:26:f0:94,13,-84,CST-IL-WLAN,80:2a:a8:4a:c9:37,3,-84,SETUP,2a:66:bc:ce:e1:75,11,-87,elinove,00:1e:e5:04:e5:a1,
28/10/2017 20:30,model=IPHONE,34.80952672,32.1619813,41,Partner,42501_10131_861581,0,-51,,,,,,,,,,,,,,,,,,,,,,,,,,,,,,,,,,,,
28/10/2017 20:30,model=IPHONE,34.81081801,32.16068784,38,Partner,42501_10131_861579,0,-75,,,,,,,,,,,,,,,,,,,,,,,,,,,,,,,,,,,,
28/10/2017 20:30,model=IPHONE,34.81065891,32.16079582,36,Plarium_Dev,84:18:3a:b8:5c:68,3,-75,WiFi01,84:18:3a:38:5c:68,3,-76,PlariumGuests,84:18:3a:78:5c:68,3,-77,PlariumGuests,84:18:3a:78:7a:c8,13,-79,Plarium_Dev,84:18:3a:b8:7a:c8,13,-80,BI WIFI,34:8f:27:e0:75:b8,9,-81,MWTL Mobile (POMS),34:8f:27:a0:75:b8,9,-81,PlariumGuests,84:18:3a:78:69:f8,6,-81,Matrix HZ WiFi,34:8f:27:20:75:b8,9,-82,SEW132_24378992,08:97:58:32:90:20,
28/10/2017 20:30,model=IPHONE,34.80967101,32.16218496,48,AP1,70:62:b8:91:9b:63,1,-73,Office Network,90:a7:c1:0c:4d:14,10,-78,Triumph,10:0d:7f:86:c9:7c,5,-81,Ezel dudi2.4,10:5a:f7:0a:2b:c1,11,-81,Office Network,90:a7:c1:0c:50:50,1,-83,tandoori_2EX,74:da:38:c3:3e:01,1,-83,225_5eb2c0,a0:ab:1b:5e:b2:c4,9,-84,HP-Print-ca-LaserJet 400 MFP,0c:84:dc:3e:43:ca,1,-86,Matrix HZ WiFi,ec:8c:a2:08:f1:98,4,-87,BI WIFI,ec:8c:a2:c9:cc:f8,
28/10/2017 20:30,model=IPHONE,34.8104834,32.16094197,36,,00:18:25:06:de:1a,6,-78,,34:8f:27:20:75:b9,9,-78,DoubleVerify,84:18:3a:7c:ed:d9,11,-79,WiFi01,84:18:3a:38:31:28,13,-80,DIRECT-F9-HP OfficeJet 6950,c8:d3:ff:c2:56:fa,11,-80,PlariumGuests,84:18:3a:78:31:28,13,-80,Ivean,84:18:3a:3c:ed:d9,11,-81,Plarium_Dev,84:18:3a:b8:69:f8,6,-81,idc,84:18:3a:bc:ed:d8,11,-82,Plarium_Dev,84:18:3a:b8:31:28,
28/10/2017 20:30,model=IPHONE,34.81155841,32.16042397,39,Ivean,84:18:3a:3c:ed:d9,11,-85,WeWork,84:18:3a:7c:ed:d8,11,-85,inPact,84:18:3a:fc:ed:d8,11,-86,DoubleVerify,84:18:3a:7c:ed:d9,11,-86,WW Guest,84:18:3a:3c:ed:d8,11,-86,idc,84:18:3a:bc:ed:d8,11,-87,AndroidAP,ac:37:43:a9:d2:5a,6,-90,,,,,,,,,,,,
28/10/2017 20:31,model=IPHONE,34.81096271,32.16414569,55,HOTBOX-260D,7c:b7:33:bf:26:13,3,-82,BezeqFree,06:ae:db:b6:59:e5,1,-88,yakov,e8:fc:af:9d:79:78,1,-89,Mitrelli_Guest,2c:c5:d3:50:a6:88,6,-90,8084789,80:37:73:e6:96:d2,1,-90,users,2c:c5:d3:10:a6:88,6,-91,Aoffice,00:10:f3:63:f7:67,4,-92,Huawei_ALE_dc74,80:13:82:a7:08:1b,11,-94,,,,,,,,
28/10/2017 20:31,model=IPHONE,34.8104742,32.16344567,54,offise2.4,48:ee:0c:3e:ad:41,8,-77,WeDiggIT's Lab Guest,66:f4:25:6a:c3:a0,1,-81,WeDiggIT's Lab Wi-Fi,64:a5:c3:6a:25:f4,1,-81,MeetingRoom-Fuji,14:cc:20:ac:a8:ec,8,-84,Innovation-AfricA,cc:b2:55:e6:11:d8,6,-84,Voicesense_guest,90:6c:ac:aa:61:a2,11,-85,BezeqNGN_W02A45_2.4GHz_1,20:0c:c8:11:19:7e,1,-85,MWTL Mobile (POMS),ec:8c:a2:88:f1:98,4,-91,axentia Guest,4e:a9:d2:86:e3:c0,2,-91,Gavish,00:30:4f:6b:65:40,
28/10/2017 20:31,model=IPHONE,34.81032714,32.16320456,52,Office Network,90:a7:c1:0c:4d:14,10,-86,Office Network,90:a7:c1:0c:50:50,1,-86,Matrix HZ WiFi,ec:8c:a2:08:f1:98,4,-92,,,,,,,,,,,,,,,,,,,,,,,,,,,,
28/10/2017 20:31,model=IPHONE,34.81148912,32.16532378,64,Partner,42501_10131_883001,0,-63,Si-o-Net_5,44:94:fc:66:61:46,6,-80,yakov,e8:fc:af:9d:79:78,1,-82,MIRI,70:62:b8:34:15:46,5,-86,DIRECT-20-HP DeskJet 4670 series,c8:d3:ff:7c:08:21,1,-87,DecorHRZ2-2Ghz,50:c7:bf:8a:79:60,11,-88,bsh-Home-ADSL,50:57:a8:67:11:29,6,-88,,00:26:99:70:ae:c0,1,-88,BezeqNGN_009790_5GHz_1,3c:1e:04:08:b2:37,48,-88,yakov5,e8:fc:af:9d:79:79,
28/10/2017 20:31,model=IPHONE,34.81104279,32.16429799,56,Partner,42501_10131_883001,0,-63,Si-o-Net_5,44:94:fc:66:61:46,6,-80,yakov,e8:fc:af:9d:79:78,1,-82,MIRI,70:62:b8:34:15:46,5,-86,DIRECT-20-HP DeskJet 4670 series,c8:d3:ff:7c:08:21,1,-87,DecorHRZ2-2Ghz,50:c7:bf:8a:79:60,11,-88,bsh-Home-ADSL,50:57:a8:67:11:29,6,-88,,00:26:99:70:ae:c0,1,-88,BezeqNGN_009790_5GHz_1,3c:1e:04:08:b2:37,48,-88,yakov5,e8:fc:af:9d:79:79,
28/10/2017 20:31,model=IPHONE,34.81086727,32.16398945,55,Micasah2,74:da:38:c3:45:a5,3,-88,,88:dc:96:17:c1:5c,6,-89,Suzanna,10:5a:f7:02:4e:31,1,-92,BI WIFI,ec:8c:a2:c8:f1:98,4,-93,,ec:8c:a2:08:f1:99,4,-94,,,,,,,,,,,,,,,,,,,,
28/10/2017 20:31,model=IPHONE,34.81150892,32.1656511,63,WeDiggIT's Lab Guest,66:f4:25:6a:c3:a0,1,-81,WeDiggIT's Lab Wi-Fi,64:a5:c3:6a:25:f4,1,-81,Innovation-AfricA,cc:b2:55:e6:11:d8,6,-84,Voicesense_guest,90:6c:ac:aa:61:a2,11,-85,BezeqNGN_W02A45_2.4GHz_1,20:0c:c8:11:19:7e,1,-85,axentia Guest,4e:a9:d2:86:e3:c0,2,-91,Gavish,00:30:4f:6b:65:40,6,-91,HP-Print-85-Color LaserJet MFP,c4:8e:8f:5f:48:85,1,-91,axentia,48:a9:d2:86:e3:c0,2,-93,,,,
28/10/2017 20:31,model=IPHONE,34.81035795,32.16611415,58,Howazit,1c:b9:c4:0f:44:b8,8,-74,Rhodium-WiFi-guest,72:3a:cb:6a:d0:4c,6,-74,Rhodium-WiFi,70:3a:cb:6a:d0:4f,6,-75,Partner,42501_10131_883001,0,-75,Bizur_2.4,14:ae:db:36:82:35,6,-77,HP-Print-82-LaserJet 200 color,68:94:23:24:b1:82,6,-78,Gandyr-right,74:da:38:3b:d8:08,6,-80,KD_Office_2,74:da:38:2e:ab:c9,5,-81,Rhodium-WiFi,70:3a:cb:6a:ca:ae,1,-81,Howazit,1c:b9:c4:0f:44:bc,
28/10/2017 20:31,model=IPHONE,34.81137326,32.16583507,60,Rhodium-WiFi-guest,72:3a:cb:6a:d0:4c,6,-74,Playrix2.4G,f2:9f:c2:91:07:b0,11,-82,DIRECT-a7-HP M477 LaserJet,42:49:0f:37:21:a7,6,-85,,e8:fc:af:9c:65:c1,1,-87,Hyundai,14:ae:db:c8:24:1d,1,-90,Bezeq Free,62:b0:ce:2f:4b:3c,1,-91,3MGuest,00:16:9c:92:1d:c1,1,-92,,,,,,,,,,,,
28/10/2017 20:31,model=IPHONE,34.81148737,32.16523969,65,Howazit,1c:b9:c4:0f:44:b8,8,-74,Bizur_2.4,14:ae:db:36:82:35,6,-77,Howazit,1c:b9:c4:0f:44:bc,36,-82,DIRECT-AD-HP OfficeJet Pro 8730,ee:8e:b5:09:8a:ad,8,-83,AppleWifi,f0:7f:06:68:c6:60,5,-83,InnerEye,b8:62:1f:53:a1:5c,6,-84,,f0:7f:06:68:c6:62,5,-85,HP-Print-CF-Officejet Pro 8600,2c:59:e5:ee:6c:cf,6,-86,HOTBOX-260D,7c:b7:33:bf:26:13,3,-87,V6_guest,3c:1e:04:08:b2:36,
28/10/2017 20:31,model=IPHONE,34.81113453,32.16446865,57,WeDiggIT's Lab Guest,66:f4:25:6a:c3:a0,1,-81,WeDiggIT's Lab Wi-Fi,64:a5:c3:6a:25:f4,1,-81,Innovation-AfricA,cc:b2:55:e6:11:d8,6,-84,Voicesense_guest,90:6c:ac:aa:61:a2,11,-85,BezeqNGN_W02A45_2.4GHz_1,20:0c:c8:11:19:7e,1,-85,axentia Guest,4e:a9:d2:86:e3:c0,2,-91,Gavish,00:30:4f:6b:65:40,6,-91,HP-Print-85-Color LaserJet MFP,c4:8e:8f:5f:48:85,1,-91,axentia,48:a9:d2:86:e3:c0,2,-93,,,,
28/10/2017 20:31,model=IPHONE,34.81146383,32.16580265,64,KD_Office_2,74:da:38:2e:ab:c9,5,-79,Rhodium-WiFi,70:3a:cb:6a:d0:4f,6,-79,Gandyr-right,74:da:38:3b:d8:08,6,-80,Rhodium-WiFi,70:3a:cb:6a:ca:ae,1,-81,Rhodium-WiFi-guest,72:3a:cb:6a:ca:ac,1,-82,Edimax AP,80:1f:02:5d:a4:b8,11,-82,HP-Print-82-LaserJet 200 color,68:94:23:24:b1:82,6,-82,JOSHUA,14:ae:db:3d:c0:92,1,-84,dbwguest,ce:d7:19:0e:ff:95,11,-84,  InnovationEndeavors,74:da:38:a9:1c:df,
28/10/2017 20:31,model=IPHONE,34.81029701,32.16314692,52,WeDiggIT,64:a5:c3:6a:07:10,11,-81,BezeqNGN_006029Hz_2.4G_1,c4:12:f5:82:33:5a,1,-86,,6c:b0:ce:ac:37:6b,1,-88,WeDiggIT's Lab Wi-Fi 5GHz,64:a5:c3:6a:0b:a2,6,-89,Maagalim-Guest,26:0a:64:b7:14:16,1,-89,WeDiggIT's Lab Guest,66:a2:0b:6a:c3:a0,6,-89,Bezeq Free,72:b0:ce:ac:37:68,1,-89,compvision,f8:e9:03:11:b4:83,1,-90,HP-Print-D6-Officejet Pro 8610,fc:15:b4:a7:c3:d6,6,-93,,,,
28/10/2017 20:31,model=IPHONE,34.8105794,32.16357322,53,Partner,42501_10131_852359,0,-59,,,,,,,,,,,,,,,,,,,,,,,,,,,,,,,,,,,,
28/10/2017 20:32,model=IPHONE,34.80806405,32.16712009,50,Partner,42501_10131_853910,0,-81,,,,,,,,,,,,,,,,,,,,,,,,,,,,,,,,,,,,
28/10/2017 20:32,model=IPHONE,34.80949232,32.16649294,57,Pitarohecht,00:02:6f:a6:f1:f3,1,-78,Ezbob_Guest,06:02:6f:12:34:56,1,-90,,,,,,,,,,,,,,,,,,,,,,,,,,,,,,,,
28/10/2017 20:32,model=IPHONE,34.80902622,32.16669516,53,Rhodium-WiFi-guest,72:3a:cb:6a:d0:4c,6,-74,Rhodium-WiFi,70:3a:cb:6a:d0:4f,6,-75,HP-Print-82-LaserJet 200 color,68:94:23:24:b1:82,6,-78,Partner,42501_10131_883001,0,-79,KD_Office_2,74:da:38:2e:ab:c9,5,-81,HP-Print-A0-LaserJet Pro MFP,30:f7:72:6e:8e:a0,6,-81,BlueSnap-Guest-2.4GHz,00:02:6f:bb:fd:ac,1,-81,Playrix2.4G,f2:9f:c2:91:07:b0,11,-82,Edimax AP,80:1f:02:5d:a4:b8,11,-84,sulam,90:6c:ac:c7:95:cd,
28/10/2017 20:32,model=IPHONE,34.80837957,32.16839084,46,HP-Print-A0-LaserJet Pro MFP,30:f7:72:6e:8e:a0,6,-81,BlueSnap-Guest-2.4GHz,00:02:6f:bb:fd:ac,1,-81,avner,38:ff:36:27:5b:b8,11,-83,CMT-ALap,94:10:3e:a8:34:a0,36,-86,BENY PUR,d8:fe:e3:03:c7:b1,6,-87,,fa:8f:ca:93:a5:64,6,-87,506679780,5a:fe:e3:03:c7:b3,6,-88,,a6:3d:cf:fb:0c:b8,8,-88,Vexlerar_2EX,74:da:38:cc:d8:80,9,-90,DIRECT-EA-HP OfficeJet Pro 6960,30:e1:71:c5:17:eb,
28/10/2017 20:32,model=IPHONE,34.80794003,32.16721229,48,HP-Print-A0-LaserJet Pro MFP,30:f7:72:6e:8e:a0,6,-81,BlueSnap-Guest-2.4GHz,00:02:6f:bb:fd:ac,1,-81,sulam,90:6c:ac:c7:95:cd,11,-85,dbwguest,ce:d7:19:0e:ff:95,11,-86,Training Room,8e:15:44:ac:d4:e4,6,-86,BENY PUR,d8:fe:e3:03:c7:b1,6,-87,Home.,a0:ab:1b:62:a7:bc,2,-87,,fa:8f:ca:93:a5:64,6,-87,Training Room,8e:15:54:ac:d4:e4,44,-90,,88:dc:96:4b:ee:f3,
28/10/2017 20:32,model=IPHONE,34.80787979,32.16726886,47,Vexlerar_2EX,74:da:38:cc:d8:80,9,-90,,,,,,,,,,,,,,,,,,,,,,,,,,,,,,,,,,,,
28/10/2017 20:32,model=IPHONE,34.80959032,32.16644649,57,CMT-ALap,94:10:3e:a8:34:a0,36,-81,CArgentina,30:b5:c2:bd:55:32,2,-81,HP-Print-b7-LaserJet 300,34:23:87:36:c9:b7,1,-85,bacapital_5,6c:b0:ce:ab:5a:a2,60,-90,HP-Print-A0-LaserJet Pro MFP,30:f7:72:6e:8e:a0,6,-90,Ezbob_WiFi,0c:8d:db:65:8e:b1,6,-91,kopel_guest,d8:5d:4c:d9:9e:ee,1,-92,,,,,,,,,,,,
28/10/2017 20:32,model=IPHONE,34.8083837,32.16698918,51,Pitarohecht,00:02:6f:a6:f1:f3,1,-78,CArgentina,30:b5:c2:bd:55:32,2,-81,Partner,42501_10131_2147483647,0,-81,HP-Print-b7-LaserJet 300,34:23:87:36:c9:b7,1,-85,CMT-ALap,94:10:3e:a8:34:a0,36,-86,bacapital_5,6c:b0:ce:ab:5a:a2,60,-90,Ezbob_Guest,06:02:6f:12:34:56,1,-90,Ezbob_WiFi,0c:8d:db:65:8e:b1,6,-91,kopel_guest,d8:5d:4c:d9:9e:ee,1,-92,,,,
28/10/2017 20:10,model=ONEPLUS A3003,34.8785252,32.09033945,50,ester10,c0:ac:54:f5:b5:7b,1,-73,HOTBOX-Tatyana,d4:7b:b0:79:ca:1e,1,-74,Ness,c4:12:f5:f7:4a:40,8,-77,igor,14:ae:db:44:fa:bd,1,-81,Dima,8c:59:c3:ea:db:86,11,-83,DIRECT-A9-HP DeskJet 3830 series,dc:4a:3e:0c:8b:aa,6,-83,Gorge 2.4 G,90:8d:78:54:df:51,5,-83,Partner,42501_10221_1480505,0,-83,Solomon,10:be:f5:3c:a7:b4,3,-87,,,,
28/10/2017 20:10,model=ONEPLUS A3003,34.8786141,32.0909486,0,Partner,42501_10221_1448394,0,-69,dani2305,e0:ce:c3:1a:31:75,6,-79,FHOME,14:cc:20:c8:83:9c,5,-83,Arnoldo 2.4,70:62:b8:31:80:4a,1,-83,TP,f0:b4:29:88:90:94,1,-84,,,,,,,,,,,,,,,,,,,,
28/10/2017 20:10,model=ONEPLUS A3003,34.87862948,32.09038727,56,Bezeq-NGN_E9CBFB,cc:b2:55:e9:cb:fc,6,-68,BezeqFree,5a:ee:0c:3c:36:8e,1,-83,che,48:ee:0c:3c:36:8d,1,-85,Ness,c4:12:f5:f7:4a:40,8,-85,,,,,,,,,,,,,,,,,,,,,,,,
28/10/2017 20:10,model=ONEPLUS A3003,34.8785105,32.09029801,51,Partner,42501_10221_1480505,0,-77,,,,,,,,,,,,,,,,,,,,,,,,,,,,,,,,,,,,
28/10/2017 20:11,model=ONEPLUS A3003,34.87842737,32.09026265,56,Solomon,10:be:f5:3c:a7:b4,3,-79,Bobrov,80:1f:02:e3:9a:4b,8,-79,Diana,40:65:a3:23:a1:04,11,-82,HOTBOX-3304,c0:ac:54:f8:09:e4,1,-84,Censureded,18:a6:f7:8e:1c:5a,11,-84,Diana,c0:d9:62:f4:fa:de,11,-85,TP-LINK_2.4GHz_FEC6D9,30:b5:c2:fe:c6:d9,6,-87,DIRECT-F1-HP DeskJet 4670 series,fc:3f:db:e5:74:f2,11,-87,Partner-4G-1E3F,88:28:b3:8a:1e:3f,2,-87,Gorge 5G,90:8d:78:54:df:50,
28/10/2017 20:11,model=ONEPLUS A3003,34.87591729,32.09067595,51,Glenda,08:6a:0a:22:4d:25,1,-72,mherab,a0:ab:1b:5d:4f:10,11,-73,Bezeq Free,6a:ab:1b:5d:4f:11,11,-74,Anatoliy,00:78:9e:fb:85:8e,1,-76,Nirman,c4:12:f5:f6:7c:0a,11,-77,Dimitry26,14:ae:db:52:9e:45,1,-78,HOTBOX-52F3,e8:d1:1b:73:52:f9,1,-78,Solomon,10:be:f5:3c:a7:b4,3,-79,Bobrov,80:1f:02:e3:9a:4b,8,-79,BezeqFree,6a:12:f5:f6:7c:0b,
28/10/2017 20:11,model=ONEPLUS A3003,34.87301859,32.09098162,56,BezeqFree,06:ae:db:49:01:35,6,-81,Yakov,64:70:02:57:c8:26,1,-81,Shilat15,14:ae:db:4d:2b:35,9,-82,Ilana,14:ae:db:49:01:35,6,-83,BezeqFree,06:ae:db:b6:8d:b5,1,-84,Daniel,48:ee:0c:3e:9c:cd,3,-86,Tamir_E,fc:b4:e6:d0:07:f3,1,-86,elad-k,14:ae:db:52:89:75,11,-86,jt255,e8:fc:af:95:43:1d,1,-86,Orit,c0:ac:54:f6:2e:e8,
28/10/2017 20:11,model=ONEPLUS A3003,34.8705555,32.09125802,54,BezeqFree,06:ae:db:37:ab:a5,6,-78,"DIRECT-xy55"" Philips 6158",d2:ae:ec:57:bc:f2,1,-79,shiran,14:ae:db:37:ab:a5,6,-80,tom123,b0:48:7a:c2:71:de,7,-85,Shahar,30:46:9a:23:bb:74,6,-86,elinor,e0:ce:c3:86:9a:ec,1,-87,BezeqFree,06:ae:db:59:9b:75,1,-87,BezeqFree,06:ae:db:59:9c:05,11,-88,HP-Print-42-Deskjet 4640 series,28:80:23:f6:85:42,6,-88,salma,14:ae:db:59:9b:75,
28/10/2017 20:11,model=ONEPLUS A3003,34.8751963,32.09076483,52,jony,14:ae:db:32:bc:da,2,-74,BezeqFree,14:af:db:32:bc:da,2,-77,TP-LINK_6C94A6,60:e3:27:6c:94:a6,11,-79,tiram,d0:d4:12:5e:73:e2,6,-79,Mariano2.4,3c:1e:04:04:cf:53,9,-81,BezeqFree,06:ae:db:49:01:35,6,-81,Yakov,64:70:02:57:c8:26,1,-81,Yair,14:ae:db:b6:8d:b5,1,-82,avi_2.4,10:5a:f7:08:7b:35,1,-83,Ilana,14:ae:db:49:01:35,
28/10/2017 20:11,model=ONEPLUS A3003,34.87454983,32.09084613,54,Glenda,08:6a:0a:22:4d:25,1,-72,mherab,a0:ab:1b:5d:4f:10,11,-73,Bezeq Free,6a:ab:1b:5d:4f:11,11,-74,Anatoliy,00:78:9e:fb:85:8e,1,-76,Nirman,c4:12:f5:f6:7c:0a,11,-77,Dimitry26,14:ae:db:52:9e:45,1,-78,HOTBOX-52F3,e8:d1:1b:73:52:f9,1,-78,Solomon,10:be:f5:3c:a7:b4,3,-79,Bobrov,80:1f:02:e3:9a:4b,8,-79,BezeqFree,6a:12:f5:f6:7c:0b,
28/10/2017 20:11,model=ONEPLUS A3003,34.87439124,32.09085776,54,Xiaomi_2DEE,28:6c:07:c4:2d:ef,6,-80,Bezeq-a_4B00,6c:2e:85:fe:b5:7e,11,-88,ToTheNet,a0:ab:1b:5e:14:22,4,-89,TP-LINK_B37960,30:b5:c2:b3:79:60,4,-89,,,,,,,,,,,,,,,,,,,,,,,,
28/10/2017 20:11,model=ONEPLUS A3003,34.87407499,32.0908967,57,jony,14:ae:db:32:bc:da,2,-74,BezeqFree,14:af:db:32:bc:da,2,-77,TP-LINK_6C94A6,60:e3:27:6c:94:a6,11,-79,tiram,d0:d4:12:5e:73:e2,6,-79,Mariano2.4,3c:1e:04:04:cf:53,9,-81,BezeqFree,06:ae:db:49:01:35,6,-81,Yakov,64:70:02:57:c8:26,1,-81,Yair,14:ae:db:b6:8d:b5,1,-82,Shilat15,14:ae:db:4d:2b:35,9,-82,avi_2.4,10:5a:f7:08:7b:35,
28/10/2017 20:11,model=ONEPLUS A3003,34.87665276,32.09052945,53,jony,14:ae:db:32:bc:da,2,-74,BezeqFree,14:af:db:32:bc:da,2,-77,TP-LINK_6C94A6,60:e3:27:6c:94:a6,11,-79,tiram,d0:d4:12:5e:73:e2,6,-79,Mariano2.4,3c:1e:04:04:cf:53,9,-81,Yair,14:ae:db:b6:8d:b5,1,-82,avi_2.4,10:5a:f7:08:7b:35,1,-83,BezeqFree,06:ae:db:b6:8d:b5,1,-83,jony_5,14:ae:db:32:bc:dd,48,-86,itzhakm-5,f8:e9:03:14:70:c2,
28/10/2017 20:11,model=ONEPLUS A3003,34.87181885,32.09108168,54,"DIRECT-xy55"" Philips 6158",d2:ae:ec:57:bc:f2,1,-79,shiran,14:ae:db:37:ab:a5,6,-79,tom123,b0:48:7a:c2:71:de,7,-81,BezeqFree,06:ae:db:37:ab:a5,6,-81,Shahar,30:46:9a:23:bb:74,6,-86,elinor,e0:ce:c3:86:9a:ec,1,-87,BezeqFree,06:ae:db:59:9b:75,1,-88,BezeqFree,06:ae:db:59:9c:05,11,-88,HP-Print-42-Deskjet 4640 series,28:80:23:f6:85:42,6,-88,salma,14:ae:db:59:9b:75,
28/10/2017 20:11,model=ONEPLUS A3003,34.87696121,32.09048524,52,Glenda,08:6a:0a:22:4d:25,1,-72,mherab,a0:ab:1b:5d:4f:10,11,-73,Partner,42501_10221_1480505,0,-73,Bezeq Free,6a:ab:1b:5d:4f:11,11,-74,Nirman,c4:12:f5:f6:7c:0a,11,-77,Dimitry26,14:ae:db:52:9e:45,1,-78,HOTBOX-52F3,e8:d1:1b:73:52:f9,1,-78,Solomon,10:be:f5:3c:a7:b4,3,-79,Bobrov,80:1f:02:e3:9a:4b,8,-79,Anatoliy,00:78:9e:fb:85:8e,
28/10/2017 20:11,model=ONEPLUS A3003,34.87098609,32.09118585,54,levi20,00:78:9e:fa:c0:81,1,-92,Liraz,7c:b7:33:bf:f7:72,7,-93,Itaythepro1_2.4,ec:08:6b:68:02:77,1,-95,,,,,,,,,,,,,,,,,,,,,,,,,,,,
28/10/2017 20:11,model=ONEPLUS A3003,34.87318999,32.09097213,56,Anatoliy,00:78:9e:fb:85:8e,1,-76,Xiaomi_2DEE,28:6c:07:c4:2d:ef,6,-80,328933171,14:ae:db:49:5e:cd,11,-82,BezeqFree,06:ae:db:49:5e:cd,11,-86,Moshe,40:65:a3:24:ee:97,1,-86,Eran,a4:2b:8c:97:11:cb,1,-86,Bezeq-a_4B00,6c:2e:85:fe:b5:7e,11,-88,ToTheNet,a0:ab:1b:5e:14:22,4,-89,TP-LINK_B37960,30:b5:c2:b3:79:60,4,-89,levi20,00:78:9e:fa:c0:81,
28/10/2017 20:11,model=ONEPLUS A3003,34.87198823,32.09106638,54,Anatoliy,00:78:9e:fb:85:8e,1,-76,Xiaomi_2DEE,28:6c:07:c4:2d:ef,6,-80,BezeqFree,06:ae:db:49:01:35,6,-81,Yakov,64:70:02:57:c8:26,1,-81,328933171,14:ae:db:49:5e:cd,11,-82,Shilat15,14:ae:db:4d:2b:35,9,-82,Ilana,14:ae:db:49:01:35,6,-83,BezeqFree,06:ae:db:b6:8d:b5,1,-84,BezeqFree,06:ae:db:49:5e:cd,11,-86,Moshe,40:65:a3:24:ee:97,
28/10/2017 20:11,model=ONEPLUS A3003,34.87681355,32.09050935,53,Partner,42501_10221_1480509,0,-73,,,,,,,,,,,,,,,,,,,,,,,,,,,,,,,,,,,,
28/10/2017 20:11,model=ONEPLUS A3003,34.87115922,32.09115523,54,shay,f4:ec:38:b0:77:d8,4,-81,TP-LINK_D63A06,00:27:19:d6:3a:06,9,-84,stotyak,7c:03:4c:ba:e4:6a,1,-85,Arcon_Sat,48:ee:0c:3c:2a:f3,9,-87,Partner,42501_10221_1448398,0,-99,,,,,,,,,,,,,,,,,,,,
28/10/2017 20:12,model=ONEPLUS A3003,34.86699416,32.09161542,53,Constantine,c4:04:15:49:68:30,1,-75,Partner,42501_10192_1278690,0,-77,jacobr,14:ae:db:c2:2f:a5,11,-80,HUAWEI_P9_D3F4,02:1a:11:f8:cd:0e,6,-89,,,,,,,,,,,,,,,,,,,,,,,,
28/10/2017 20:12,model=ONEPLUS A3003,34.86516455,32.09171458,52,Partner,42501_10192_1278690,0,-65,KavimK-wifi,34:0a:12:31:21:75,7,-82,,,,,,,,,,,,,,,,,,,,,,,,,,,,,,,,
28/10/2017 20:12,model=ONEPLUS A3003,34.86591824,32.09164442,55,HUAWEI_P9_D3F4,02:1a:11:f8:cd:0e,6,-89,,,,,,,,,,,,,,,,,,,,,,,,,,,,,,,,,,,,
28/10/2017 20:12,model=ONEPLUS A3003,34.86338304,32.09181503,54,YICarCam_boris12345,58:70:c6:fe:2b:cd,7,-89,,,,,,,,,,,,,,,,,,,,,,,,,,,,,,,,,,,,
28/10/2017 20:12,model=ONEPLUS A3003,34.868505,32.09143451,58,HUAWEI_P9_D3F4,02:1a:11:f8:cd:0e,6,-89,,,,,,,,,,,,,,,,,,,,,,,,,,,,,,,,,,,,
28/10/2017 20:12,model=ONEPLUS A3003,34.86870832,32.09139368,57,Constantine,c4:04:15:49:68:30,1,-75,jacobr,14:ae:db:c2:2f:a5,11,-80,shay,f4:ec:38:b0:77:d8,4,-81,TP-LINK_D63A06,00:27:19:d6:3a:06,9,-84,stotyak,7c:03:4c:ba:e4:6a,1,-85,Arcon_Sat,48:ee:0c:3c:2a:f3,9,-87,Partner,42501_10221_2147483647,0,-87,,,,,,,,,,,,
28/10/2017 20:12,model=ONEPLUS A3003,34.86484638,32.09172718,52,HUAWEI_P9_D3F4,02:1a:11:f8:cd:0e,6,-89,,,,,,,,,,,,,,,,,,,,,,,,,,,,,,,,,,,,
28/10/2017 20:12,model=ONEPLUS A3003,34.86397436,32.09179807,51,Partner,42501_10192_1278690,0,-61,KavimK-wifi,34:0a:12:31:21:75,7,-82,,,,,,,,,,,,,,,,,,,,,,,,,,,,,,,,
28/10/2017 20:12,model=ONEPLUS A3003,34.86639299,32.09163642,53,Partner,42501_10192_1278690,0,-65,,,,,,,,,,,,,,,,,,,,,,,,,,,,,,,,,,,,
28/10/2017 20:12,model=ONEPLUS A3003,34.86974324,32.09130094,56,Partner,42501_10221_2147483647,0,-87,,,,,,,,,,,,,,,,,,,,,,,,,,,,,,,,,,,,
28/10/2017 20:12,model=ONEPLUS A3003,34.86275618,32.09191292,49,Partner,42501_10192_2147483647,0,-73,KavimK-wifi,34:0a:12:31:21:75,7,-82,,,,,,,,,,,,,,,,,,,,,,,,,,,,,,,,
28/10/2017 20:12,model=ONEPLUS A3003,34.86988774,32.09129876,56,Constantine,c4:04:15:49:68:30,1,-75,jacobr,14:ae:db:c2:2f:a5,11,-80,shay,f4:ec:38:b0:77:d8,4,-81,TP-LINK_D63A06,00:27:19:d6:3a:06,9,-84,stotyak,7c:03:4c:ba:e4:6a,1,-85,Arcon_Sat,48:ee:0c:3c:2a:f3,9,-87,levi20,00:78:9e:fa:c0:81,1,-92,Liraz,7c:b7:33:bf:f7:72,7,-93,Itaythepro1_2.4,ec:08:6b:68:02:77,1,-95,,,,
28/10/2017 20:12,model=ONEPLUS A3003,34.86949182,32.09132612,56,BezeqFree,06:ae:db:37:ab:a5,6,-78,"DIRECT-xy55"" Philips 6158",d2:ae:ec:57:bc:f2,1,-79,shiran,14:ae:db:37:ab:a5,6,-80,tom123,b0:48:7a:c2:71:de,7,-85,Shahar,30:46:9a:23:bb:74,6,-86,elinor,e0:ce:c3:86:9a:ec,1,-87,BezeqFree,06:ae:db:59:9b:75,1,-87,BezeqFree,06:ae:db:59:9c:05,11,-88,HP-Print-42-Deskjet 4640 series,28:80:23:f6:85:42,6,-88,salma,14:ae:db:59:9b:75,
28/10/2017 20:13,model=ONEPLUS A3003,34.86237634,32.09197014,50,Partner,42501_10192_1248712,0,-75,YICarCam_boris12345,58:70:c6:fe:2b:cd,7,-88,,,,,,,,,,,,,,,,,,,,,,,,,,,,,,,,
28/10/2017 20:13,model=ONEPLUS A3003,34.86234519,32.09196996,50,Partner,42501_10192_1248712,0,-63,,,,,,,,,,,,,,,,,,,,,,,,,,,,,,,,,,,,
28/10/2017 20:13,model=ONEPLUS A3003,34.86250364,32.09193916,50,Partner,42501_10192_1248709,0,-73,,,,,,,,,,,,,,,,,,,,,,,,,,,,,,,,,,,,
28/10/2017 20:14,model=ONEPLUS A3003,34.86023842,32.09218641,46,YICarCam_boris12345,58:70:c6:fe:2b:cd,7,-88,,,,,,,,,,,,,,,,,,,,,,,,,,,,,,,,,,,,
28/10/2017 20:14,model=ONEPLUS A3003,34.86040277,32.09217571,45,Bezeq_WiFi,10:be:f5:43:84:80,2,-87,,80:1f:02:d7:c2:77,2,-87,,,,,,,,,,,,,,,,,,,,,,,,,,,,,,,,
28/10/2017 20:14,model=ONEPLUS A3003,34.86219582,32.09200053,43,Partner,42501_10192_1248706,0,-59,,,,,,,,,,,,,,,,,,,,,,,,,,,,,,,,,,,,
28/10/2017 20:14,model=ONEPLUS A3003,34.86075996,32.09212305,44,Partner,42501_10192_1248705,0,-69,DIRECT-A7-HP PageWide Pro 477dw,fe:3f:db:b9:40:a7,6,-85,Automazia-Wireless,d4:68:4d:33:93:08,11,-90,,,,,,,,,,,,,,,,,,,,,,,,,,,,
28/10/2017 20:14,model=ONEPLUS A3003,34.86013385,32.09219587,47,TF-WIFI_392678,02:2f:4f:34:9d:33,1,-91,,,,,,,,,,,,,,,,,,,,,,,,,,,,,,,,,,,,
28/10/2017 20:14,model=ONEPLUS A3003,34.86176203,32.09206295,43,Partner,42501_10192_1248705,0,-71,DIRECT-A7-HP PageWide Pro 477dw,fe:3f:db:b9:40:a7,6,-85,Automazia-Wireless,d4:68:4d:33:93:08,11,-90,,,,,,,,,,,,,,,,,,,,,,,,,,,,
28/10/2017 20:14,model=ONEPLUS A3003,34.86136928,32.09208492,42,YICarCam_boris12345,58:70:c6:fe:2b:cd,7,-88,,,,,,,,,,,,,,,,,,,,,,,,,,,,,,,,,,,,
28/10/2017 20:15,model=ONEPLUS A3003,34.8599072,32.0922021,46,sch_free,b4:c7:99:9a:22:a1,11,-90,,,,,,,,,,,,,,,,,,,,,,,,,,,,,,,,,,,,
28/10/2017 20:15,model=ONEPLUS A3003,34.8600917,32.09218707,51,Partner,42501_10192_1248705,0,-61,,,,,,,,,,,,,,,,,,,,,,,,,,,,,,,,,,,,
28/10/2017 20:15,model=ONEPLUS A3003,34.85943686,32.09225908,49,Dacia_2.4,80:37:73:de:0a:0a,11,-87,,,,,,,,,,,,,,,,,,,,,,,,,,,,,,,,,,,,
28/10/2017 20:15,model=ONEPLUS A3003,34.86006989,32.09217381,52,MizmorGuest,4a:d9:e7:59:4a:c2,3,-78,sch,b4:c7:99:9a:22:a0,11,-91,,,,,,,,,,,,,,,,,,,,,,,,,,,,,,,,
28/10/2017 20:15,model=ONEPLUS A3003,34.85809306,32.09232314,40,Partner,42501_10192_1248707,0,-67,Dacia_2.4,80:37:73:de:0a:0a,11,-87,BezeqFree,06:ae:db:39:65:05,11,-88,,88:dc:96:56:7f:11,36,-88,Kenia-2.4,3c:1e:04:07:87:7d,1,-89,,,,,,,,,,,,,,,,,,,,
28/10/2017 20:15,model=ONEPLUS A3003,34.8592542,32.09227596,49,BezeqFree,06:ae:db:39:65:05,11,-88,,,,,,,,,,,,,,,,,,,,,,,,,,,,,,,,,,,,
28/10/2017 20:15,model=ONEPLUS A3003,34.85574853,32.09257387,48,Alex111,c4:12:f5:fd:07:1e,4,-82,TP-LINK_3DF8,60:e3:27:e8:3d:f8,1,-85,Dacia_2.4,80:37:73:de:0a:0a,11,-87,BezeqFree,72:12:f5:f9:b0:6f,8,-87,BezeqFree,06:ae:db:39:65:05,11,-88,,88:dc:96:56:7f:11,36,-88,golan_print,c8:be:19:08:01:e1,11,-88,DIRECT-88-HP OfficeJet Pro 8710,ec:8e:b5:05:27:89,6,-88,Kenia-2.4,3c:1e:04:07:87:7d,1,-89,amigo-pt_2.4,c4:12:f5:83:9a:8b,
28/10/2017 20:15,model=ONEPLUS A3003,34.85675064,32.0924281,67,Partner,42501_10192_1248707,0,-63,Alex111,c4:12:f5:fd:07:1e,4,-82,TP-LINK_3DF8,60:e3:27:e8:3d:f8,1,-85,Dacia_2.4,80:37:73:de:0a:0a,11,-87,BezeqFree,72:12:f5:f9:b0:6f,8,-87,BezeqFree,06:ae:db:39:65:05,11,-88,,88:dc:96:56:7f:11,36,-88,golan_print,c8:be:19:08:01:e1,11,-88,DIRECT-88-HP OfficeJet Pro 8710,ec:8e:b5:05:27:89,6,-88,Kenia-2.4,3c:1e:04:07:87:7d,
28/10/2017 20:15,model=ONEPLUS A3003,34.85889581,32.09229414,48,Partner,42501_10192_1248705,0,-75,MizmorGuest,4a:d9:e7:59:4a:c2,3,-78,sch_free,b4:c7:99:9a:22:a1,11,-90,sch,b4:c7:99:9a:22:a0,11,-91,,,,,,,,,,,,,,,,,,,,,,,,
28/10/2017 20:15,model=ONEPLUS A3003,34.8561583,32.09250039,61,Partner,42501_10192_1281305,0,-65,,,,,,,,,,,,,,,,,,,,,,,,,,,,,,,,,,,,
28/10/2017 20:16,model=ONEPLUS A3003,34.85017422,32.09263878,43,Partner,42501_10192_1251823,0,-73,,,,,,,,,,,,,,,,,,,,,,,,,,,,,,,,,,,,
28/10/2017 20:16,model=ONEPLUS A3003,34.85388537,32.09266805,43,mr-scorpion academy,20:0c:c8:11:3d:a1,6,-87,Bezeq_WiFi,10:be:f5:a8:54:2c,9,-89,Bezeq Free P02D8E,52:0c:c8:11:3d:a2,6,-89,HP-Print-89-Officejet Pro 6830,70:5a:0f:02:e2:89,6,-91,Bezeq Free,14:ae:db:c0:ae:b5,1,-91,Etzion,00:1d:aa:7c:8a:e4,11,-92,DIRECT-NGPhaser 3020,9e:93:4e:37:e4:29,11,-92,,,,,,,,,,,,
28/10/2017 20:16,model=ONEPLUS A3003,34.85157567,32.09276946,41,megraligabi,c4:e9:84:2f:85:d6,9,-85,General,bc:30:7e:16:59:51,1,-88,,,,,,,,,,,,,,,,,,,,,,,,,,,,,,,,
28/10/2017 20:16,model=ONEPLUS A3003,34.85234983,32.09281145,43,Partner,42501_10192_1281307,0,-87,,,,,,,,,,,,,,,,,,,,,,,,,,,,,,,,,,,,
28/10/2017 20:16,model=ONEPLUS A3003,34.85259739,32.09282349,43,megraligabi,c4:e9:84:2f:85:d6,9,-85,General,bc:30:7e:16:59:51,1,-88,,,,,,,,,,,,,,,,,,,,,,,,,,,,,,,,
28/10/2017 20:16,model=ONEPLUS A3003,34.8546826,32.09263455,45,Partner,42501_10192_1279786,0,-69,yair1976,a0:ab:1b:55:5a:58,1,-77,gal-almagor,14:ae:db:3e:92:c2,5,-80,Alex111,c4:12:f5:fd:07:1e,4,-82,Peer,00:1d:aa:0e:dc:48,11,-83,DIRECT-PhM288x Series,32:cd:a7:a4:7e:0e,6,-83,TP-LINK_3DF8,60:e3:27:e8:3d:f8,1,-85,agenda-fogel,14:ae:db:c2:09:9d,1,-85,BezeqFree,72:12:f5:f9:b0:6f,8,-87,golan_print,c8:be:19:08:01:e1,
28/10/2017 20:16,model=ONEPLUS A3003,34.85058414,32.09265138,43,gal-almagor,14:ae:db:3e:92:c2,5,-76,porsche-il,54:a2:74:12:b3:51,11,-84,osi,54:a2:74:12:b3:50,11,-88,,,,,,,,,,,,,,,,,,,,,,,,,,,,
28/10/2017 20:16,model=ONEPLUS A3003,34.85170645,32.09278624,41,gal-almagor,14:ae:db:3e:92:c2,5,-76,yair1976,a0:ab:1b:55:5a:58,1,-77,Peer,00:1d:aa:0e:dc:48,11,-83,porsche-il,54:a2:74:12:b3:51,11,-84,agenda-fogel,14:ae:db:c2:09:9d,1,-85,Partner,42501_10192_1279786,0,-85,mr-scorpion academy,20:0c:c8:11:3d:a1,6,-87,Highdent,00:1d:aa:7c:97:80,11,-88,Olam Hesed Guest,30:b5:c2:85:25:16,11,-88,osi,54:a2:74:12:b3:50,
28/10/2017 20:16,model=ONEPLUS A3003,34.85515105,32.09261704,46,Partner,42501_10192_1281305,0,-69,mr-scorpion academy,20:0c:c8:11:3d:a1,6,-81,Bezeq Free P02D8E,52:0c:c8:11:3d:a2,6,-83,gal-almagor,14:ae:db:3e:92:c2,5,-87,Bezeq_WiFi,10:be:f5:a8:54:2c,9,-87,yair1976,a0:ab:1b:55:5a:58,1,-88,HP-Print-89-Officejet Pro 6830,70:5a:0f:02:e2:89,6,-91,Bezeq Free,14:ae:db:c0:ae:b5,1,-91,Etzion,00:1d:aa:7c:8a:e4,11,-92,DIRECT-NGPhaser 3020,9e:93:4e:37:e4:29,
28/10/2017 20:16,model=ONEPLUS A3003,34.85114973,32.09270499,41,Partner,42501_10192_1251816,0,-81,,,,,,,,,,,,,,,,,,,,,,,,,,,,,,,,,,,,
28/10/2017 20:16,model=ONEPLUS A3003,34.85003091,32.0926061,34,Migdal_WiFi,04:bd:88:a2:16:d0,36,-90,Migdal_Guests,04:bd:88:a2:16:d1,36,-93,Migdal_Guests,04:bd:88:a2:16:c1,11,-94,,,,,,,,,,,,,,,,,,,,,,,,,,,,
28/10/2017 20:16,model=ONEPLUS A3003,34.85001719,32.09265869,40,Partner,42501_10192_1251823,0,-63,,,,,,,,,,,,,,,,,,,,,,,,,,,,,,,,,,,,
28/10/2017 20:16,model=ONEPLUS A3003,34.8527212,32.09281896,43,mr-scorpion academy,20:0c:c8:11:3d:a1,6,-87,Bezeq_WiFi,10:be:f5:a8:54:2c,9,-89,Bezeq Free P02D8E,52:0c:c8:11:3d:a2,6,-89,HP-Print-89-Officejet Pro 6830,70:5a:0f:02:e2:89,6,-91,Bezeq Free,14:ae:db:c0:ae:b5,1,-91,Etzion,00:1d:aa:7c:8a:e4,11,-92,DIRECT-NGPhaser 3020,9e:93:4e:37:e4:29,11,-92,,,,,,,,,,,,
28/10/2017 20:16,model=ONEPLUS A3003,34.8532235,32.09278272,44,gal-almagor,14:ae:db:3e:92:c2,5,-76,yair1976,a0:ab:1b:55:5a:58,1,-77,Partner,42501_10192_1279786,0,-77,Alex111,c4:12:f5:fd:07:1e,4,-82,Peer,00:1d:aa:0e:dc:48,11,-83,DIRECT-PhM288x Series,32:cd:a7:a4:7e:0e,6,-83,porsche-il,54:a2:74:12:b3:51,11,-84,TP-LINK_3DF8,60:e3:27:e8:3d:f8,1,-85,agenda-fogel,14:ae:db:c2:09:9d,1,-85,BezeqFree,72:12:f5:f9:b0:6f,
28/10/2017 20:17,model=ONEPLUS A3003,34.85000339,32.09257953,23,Migdal_WiFi,04:bd:88:a2:13:e0,1,-89,Migdal_Guests,04:bd:88:a2:13:e1,1,-92,,,,,,,,,,,,,,,,,,,,,,,,,,,,,,,,
28/10/2017 20:17,model=ONEPLUS A3003,34.84830893,32.09274636,41,Partner,42501_10192_1246653,0,-63,Migdal_Guests,04:bd:88:a2:17:e1,1,-79,Migdal_WiFi,04:bd:88:a2:17:e0,1,-80,Migdal_Guests,04:bd:88:a2:15:61,1,-82,Migdal_WiFi,04:bd:88:a2:15:60,1,-85,,88:dc:96:38:3e:5e,2,-87,Migdal_WiFi,04:bd:88:a2:13:f0,58,-90,Migdal_Guests,04:bd:88:a2:13:f1,58,-90,,,,,,,,
28/10/2017 20:17,model=ONEPLUS A3003,34.84954512,32.09271524,39,Migdal_Guests,04:bd:88:a2:17:e1,1,-79,Migdal_WiFi,04:bd:88:a2:17:e0,1,-80,Migdal_WiFi,04:bd:88:a2:15:60,1,-94,,,,,,,,,,,,,,,,,,,,,,,,,,,,
28/10/2017 20:17,model=ONEPLUS A3003,34.85005221,32.09268462,30,Partner,42501_10192_1251816,0,-65,Migdal_Guests,04:bd:88:a2:16:d1,36,-85,Migdal_Guests,04:bd:88:a2:0e:e1,1,-94,,,,,,,,,,,,,,,,,,,,,,,,,,,,
28/10/2017 20:17,model=ONEPLUS A3003,34.84933016,32.09269956,40,Migdal_Guests,04:bd:88:a2:15:61,1,-82,Migdal_WiFi,04:bd:88:a2:15:60,1,-85,,88:dc:96:38:3e:5e,2,-87,Migdal_WiFi,04:bd:88:a2:13:f0,58,-90,Migdal_Guests,04:bd:88:a2:13:f1,58,-90,,,,,,,,,,,,,,,,,,,,
28/10/2017 20:17,model=ONEPLUS A3003,34.84871887,32.09273005,39,Partner,42501_10192_1251823,0,-63,Migdal_Guests,04:bd:88:a2:13:e1,1,-91,,,,,,,,,,,,,,,,,,,,,,,,,,,,,,,,
28/10/2017 20:18,model=ONEPLUS A3003,34.84629387,32.09605849,42,Partner,42501_10192_1247713,0,-71,,88:dc:96:17:c0:de,2,-84,,,,,,,,,,,,,,,,,,,,,,,,,,,,,,,,
28/10/2017 20:18,model=ONEPLUS A3003,34.84689372,32.09789414,38,Partner,42501_10192_1247713,0,-61,,,,,,,,,,,,,,,,,,,,,,,,,,,,,,,,,,,,
28/10/2017 20:18,model=ONEPLUS A3003,34.84763428,32.09264292,40,kremer - efal,f4:f2:6d:b1:4f:12,1,-89,,,,,,,,,,,,,,,,,,,,,,,,,,,,,,,,,,,,
28/10/2017 20:18,model=ONEPLUS A3003,34.84611852,32.09347206,42,Partner,42501_10192_1251815,0,-65,,,,,,,,,,,,,,,,,,,,,,,,,,,,,,,,,,,,
28/10/2017 20:18,model=ONEPLUS A3003,34.84717821,32.09864922,38,,88:dc:96:17:c0:de,2,-88,,,,,,,,,,,,,,,,,,,,,,,,,,,,,,,,,,,,
28/10/2017 20:18,model=ONEPLUS A3003,34.84720259,32.09258733,41,Partner,42501_10192_1246653,0,-65,Migdal_Guests,04:bd:88:a2:15:61,1,-82,Migdal_WiFi,04:bd:88:a2:15:60,1,-85,,88:dc:96:38:3e:5e,2,-87,Migdal_WiFi,04:bd:88:a2:13:f0,58,-90,Migdal_Guests,04:bd:88:a2:13:f1,58,-90,,,,,,,,,,,,,,,,
28/10/2017 20:18,model=ONEPLUS A3003,34.84676526,32.0975339,38,Partner,42501_10192_1247713,0,-69,,88:dc:96:17:c0:de,2,-84,,,,,,,,,,,,,,,,,,,,,,,,,,,,,,,,
28/10/2017 20:18,model=ONEPLUS A3003,34.84611494,32.09515601,43,Partner,42501_10192_1251822,0,-65,,,,,,,,,,,,,,,,,,,,,,,,,,,,,,,,,,,,
28/10/2017 20:18,model=ONEPLUS A3003,34.84606537,32.09404695,43,Partner,42501_10192_1251822,0,-65,,,,,,,,,,,,,,,,,,,,,,,,,,,,,,,,,,,,
28/10/2017 20:18,model=ONEPLUS A3003,34.84665659,32.09283991,43,Partner,42501_10192_1251815,0,-71,,,,,,,,,,,,,,,,,,,,,,,,,,,,,,,,,,,,
28/10/2017 20:18,model=ONEPLUS A3003,34.84694153,32.0926021,44,Partner,42501_10192_1251823,0,-65,,,,,,,,,,,,,,,,,,,,,,,,,,,,,,,,,,,,
28/10/2017 20:18,model=ONEPLUS A3003,34.84740534,32.09923009,37,Partner,42501_10192_1247713,0,-51,,,,,,,,,,,,,,,,,,,,,,,,,,,,,,,,,,,,
28/10/2017 20:18,model=ONEPLUS A3003,34.84762607,32.09980809,35,,88:dc:96:17:c0:de,2,-88,,,,,,,,,,,,,,,,,,,,,,,,,,,,,,,,,,,,
28/10/2017 20:18,model=ONEPLUS A3003,34.84654544,32.09293776,44,kremer - efal,f4:f2:6d:b1:4f:12,1,-89,,,,,,,,,,,,,,,,,,,,,,,,,,,,,,,,,,,,
28/10/2017 20:19,model=ONEPLUS A3003,34.84870881,32.1039678,39,Partner,42501_10192_1247712,0,-67,ire_onboarding,00:50:f1:00:4a:10,1,-92,,,,,,,,,,,,,,,,,,,,,,,,,,,,,,,,
28/10/2017 20:19,model=ONEPLUS A3003,34.84970233,32.10831478,33,Partner,42501_10192_2147483647,0,-65,,,,,,,,,,,,,,,,,,,,,,,,,,,,,,,,,,,,
28/10/2017 20:19,model=ONEPLUS A3003,34.84830214,32.10212717,36,,88:dc:96:17:c0:de,2,-79,,,,,,,,,,,,,,,,,,,,,,,,,,,,,,,,,,,,
28/10/2017 20:19,model=ONEPLUS A3003,34.84961704,32.10790908,33,Partner,42501_10192_2147483647,0,-79,Egged.co.il,00:0c:42:51:bb:b8,1,-80,HUAWEI-6714,94:fe:22:46:67:14,6,-92,,,,,,,,,,,,,,,,,,,,,,,,,,,,
28/10/2017 20:19,model=ONEPLUS A3003,34.84912803,32.10580833,36,,88:dc:96:17:c0:de,2,-79,,,,,,,,,,,,,,,,,,,,,,,,,,,,,,,,,,,,
28/10/2017 20:19,model=ONEPLUS A3003,34.84816789,32.10154808,35,Partner,42501_10192_1247712,0,-61,,,,,,,,,,,,,,,,,,,,,,,,,,,,,,,,,,,,
28/10/2017 20:19,model=ONEPLUS A3003,34.84785357,32.10056465,35,Partner,42501_10192_1247713,0,-61,,,,,,,,,,,,,,,,,,,,,,,,,,,,,,,,,,,,
28/10/2017 20:19,model=ONEPLUS A3003,34.84855947,32.10334671,39,,88:dc:96:17:c0:de,2,-79,,,,,,,,,,,,,,,,,,,,,,,,,,,,,,,,,,,,
28/10/2017 20:19,model=ONEPLUS A3003,34.849035,32.10539449,38,Partner,42501_10192_1247712,0,-71,Guest,10:bd:18:a6:43:12,1,-91,ire_onboarding,00:50:f1:00:4a:10,1,-92,HUAWEI-6714,94:fe:22:46:67:14,6,-92,,,,,,,,,,,,,,,,,,,,,,,,
28/10/2017 20:19,model=ONEPLUS A3003,34.84885717,32.10458393,39,,88:dc:96:17:c0:de,2,-79,,,,,,,,,,,,,,,,,,,,,,,,,,,,,,,,,,,,
28/10/2017 20:19,model=ONEPLUS A3003,34.84984409,32.1089385,32,Egged.co.il,00:0c:42:51:bb:b8,1,-80,HUAWEI-6714,94:fe:22:46:67:14,6,-92,,,,,,,,,,,,,,,,,,,,,,,,,,,,,,,,
28/10/2017 20:19,model=ONEPLUS A3003,34.84848176,32.10293781,39,Partner,42501_10192_1247712,0,-57,ire_onboarding,00:50:f1:00:4a:10,1,-92,,,,,,,,,,,,,,,,,,,,,,,,,,,,,,,,
28/10/2017 20:19,model=ONEPLUS A3003,34.84927923,32.10643842,35,Partner,42501_10192_1247712,0,-75,Guest,10:bd:18:a6:43:12,1,-91,ire_onboarding,00:50:f1:00:4a:10,1,-92,HUAWEI-6714,94:fe:22:46:67:14,6,-92,,,,,,,,,,,,,,,,,,,,,,,,
28/10/2017 20:19,model=ONEPLUS A3003,34.84998264,32.10956268,33,Partner,42501_10192_2147483647,0,-63,,,,,,,,,,,,,,,,,,,,,,,,,,,,,,,,,,,,
28/10/2017 20:19,model=ONEPLUS A3003,34.84864987,32.10375293,39,Guest,10:bd:18:a6:43:12,1,-91,,,,,,,,,,,,,,,,,,,,,,,,,,,,,,,,,,,,
28/10/2017 20:19,model=ONEPLUS A3003,34.85041614,32.11143569,31,Partner,42501_10192_1276263,0,-69,Egged.co.il,00:0c:42:51:bb:b8,1,-80,,,,,,,,,,,,,,,,,,,,,,,,,,,,,,,,
28/10/2017 20:19,model=ONEPLUS A3003,34.85007455,32.10998101,33,Partner,42501_10192_1276263,0,-63,Egged.co.il,00:0c:42:51:bb:b8,1,-80,HUAWEI-6714,94:fe:22:46:67:14,6,-92,,,,,,,,,,,,,,,,,,,,,,,,,,,,
28/10/2017 20:19,model=ONEPLUS A3003,34.84798531,32.10094455,35,Partner,42501_10192_2147483647,0,-61,,,,,,,,,,,,,,,,,,,,,,,,,,,,,,,,,,,,
28/10/2017 20:19,model=ONEPLUS A3003,34.84790349,32.10075029,35,,88:dc:96:17:c0:de,2,-79,,,,,,,,,,,,,,,,,,,,,,,,,,,,,,,,,,,,
28/10/2017 20:19,model=ONEPLUS A3003,34.85055736,32.11205276,31,Partner,42501_10192_1276262,0,-73,,,,,,,,,,,,,,,,,,,,,,,,,,,,,,,,,,,,
28/10/2017 20:20,model=ONEPLUS A3003,34.85185811,32.11766611,34,Partner,42501_10131_855317,0,-65,,,,,,,,,,,,,,,,,,,,,,,,,,,,,,,,,,,,
28/10/2017 20:20,model=ONEPLUS A3003,34.85358761,32.12146687,35,YICarCam_f581fb,58:70:c6:f5:81:fb,6,-73,,,,,,,,,,,,,,,,,,,,,,,,,,,,,,,,,,,,
28/10/2017 20:20,model=ONEPLUS A3003,34.85270446,32.11995251,35,Partner,42501_10131_855317,0,-57,,,,,,,,,,,,,,,,,,,,,,,,,,,,,,,,,,,,
28/10/2017 20:20,model=ONEPLUS A3003,34.85073332,32.11285503,32,Egged.co.il,00:0c:42:51:bb:b8,1,-80,,,,,,,,,,,,,,,,,,,,,,,,,,,,,,,,,,,,
28/10/2017 20:20,model=ONEPLUS A3003,34.85081072,32.11323898,31,Partner,42501_10192_1276262,0,-71,,,,,,,,,,,,,,,,,,,,,,,,,,,,,,,,,,,,
28/10/2017 20:20,model=ONEPLUS A3003,34.85212649,32.11863333,34,Partner,42501_10131_855317,0,-57,,,,,,,,,,,,,,,,,,,,,,,,,,,,,,,,,,,,
28/10/2017 20:20,model=ONEPLUS A3003,34.85236598,32.11922415,35,YICarCam_f581fb,58:70:c6:f5:81:fb,6,-73,,,,,,,,,,,,,,,,,,,,,,,,,,,,,,,,,,,,
28/10/2017 20:20,model=ONEPLUS A3003,34.85307469,32.12065634,34,Egged.co.il,6c:fd:b9:68:52:50,1,-90,vYou_DDPai_M6Plus,44:2c:05:d2:f4:32,1,-93,,,,,,,,,,,,,,,,,,,,,,,,,,,,,,,,
28/10/2017 20:20,model=ONEPLUS A3003,34.85251481,32.11953343,33,Egged.co.il,6c:fd:b9:68:52:50,1,-90,,,,,,,,,,,,,,,,,,,,,,,,,,,,,,,,,,,,
28/10/2017 20:20,model=ONEPLUS A3003,34.85375172,32.12170635,38,vYou_DDPai_M6Plus,44:2c:05:d2:f4:32,1,-90,,,,,,,,,,,,,,,,,,,,,,,,,,,,,,,,,,,,
28/10/2017 20:20,model=ONEPLUS A3003,34.85109724,32.11442283,31,Partner,42501_10192_1276262,0,-67,,,,,,,,,,,,,,,,,,,,,,,,,,,,,,,,,,,,
28/10/2017 20:20,model=ONEPLUS A3003,34.85160787,32.11655261,31,Partner,42501_10131_855317,0,-65,,,,,,,,,,,,,,,,,,,,,,,,,,,,,,,,,,,,
28/10/2017 20:20,model=ONEPLUS A3003,34.85134123,32.11553359,33,Partner,42501_10131_855317,0,-69,,,,,,,,,,,,,,,,,,,,,,,,,,,,,,,,,,,,
28/10/2017 20:20,model=ONEPLUS A3003,34.85207838,32.11849344,34,Egged.co.il,6c:fd:b9:68:52:50,1,-90,,,,,,,,,,,,,,,,,,,,,,,,,,,,,,,,,,,,
28/10/2017 20:20,model=ONEPLUS A3003,34.85291092,32.12036765,36,YICarCam_f581fb,58:70:c6:f5:81:fb,6,-73,,,,,,,,,,,,,,,,,,,,,,,,,,,,,,,,,,,,
28/10/2017 20:20,model=ONEPLUS A3003,34.85336222,32.12114107,35,Partner,42501_10131_855317,0,-51,,,,,,,,,,,,,,,,,,,,,,,,,,,,,,,,,,,,
28/10/2017 20:21,model=ONEPLUS A3003,34.85526675,32.12498981,55,Partner,42501_10131_855317,0,-69,HUAWEI-37A5,10:b1:f8:d9:37:a5,3,-73,,88:dc:96:59:79:04,40,-89,,,,,,,,,,,,,,,,,,,,,,,,,,,,
28/10/2017 20:21,model=ONEPLUS A3003,34.85708968,32.12502051,41,Partner,42501_10131_852857,0,-61,,,,,,,,,,,,,,,,,,,,,,,,,,,,,,,,,,,,
28/10/2017 20:21,model=ONEPLUS A3003,34.8556201,32.12383654,42,Partner,42501_10131_855317,0,-57,HUAWEI-3EA5,10:b1:f8:d9:3e:a5,3,-80,,,,,,,,,,,,,,,,,,,,,,,,,,,,,,,,
28/10/2017 20:21,model=ONEPLUS A3003,34.85440457,32.12257728,37,YICarCam_f581fb,58:70:c6:f5:81:fb,6,-73,,,,,,,,,,,,,,,,,,,,,,,,,,,,,,,,,,,,
28/10/2017 20:21,model=ONEPLUS A3003,34.85470493,32.12296111,41,vYou_DDPai_M6Plus,44:2c:05:d2:f4:32,1,-90,,,,,,,,,,,,,,,,,,,,,,,,,,,,,,,,,,,,
28/10/2017 20:21,model=ONEPLUS A3003,34.85422459,32.12235271,37,Partner,42501_10131_855317,0,-51,,,,,,,,,,,,,,,,,,,,,,,,,,,,,,,,,,,,
28/10/2017 20:21,model=ONEPLUS A3003,34.85657339,32.12447777,52,HUAWEI-37A5,10:b1:f8:d9:37:a5,3,-73,,88:dc:96:59:79:04,40,-89,,,,,,,,,,,,,,,,,,,,,,,,,,,,,,,,
28/10/2017 20:21,model=ONEPLUS A3003,34.85670544,32.12474567,38,Partner,42501_10131_852857,0,-69,HUAWEI-3EA5,10:b1:f8:d9:3e:a5,3,-80,,,,,,,,,,,,,,,,,,,,,,,,,,,,,,,,
28/10/2017 20:22,model=ONEPLUS A3003,34.84850555,32.1278058,59,Partner,42501_10131_917453,0,-77,,,,,,,,,,,,,,,,,,,,,,,,,,,,,,,,,,,,
28/10/2017 20:22,model=ONEPLUS A3003,34.84740031,32.12830343,64,Partner,42501_10131_917453,0,-77,,,,,,,,,,,,,,,,,,,,,,,,,,,,,,,,,,,,
28/10/2017 20:22,model=ONEPLUS A3003,34.84603344,32.12880838,69,Partner,42501_10131_917453,0,-77,,,,,,,,,,,,,,,,,,,,,,,,,,,,,,,,,,,,
28/10/2017 20:22,model=ONEPLUS A3003,34.85314778,32.12590306,55,Partner,42501_10131_855317,0,-63,HUAWEI-37A5,10:b1:f8:d9:37:a5,3,-73,,88:dc:96:59:79:04,40,-89,,,,,,,,,,,,,,,,,,,,,,,,,,,,
28/10/2017 20:22,model=ONEPLUS A3003,34.85032376,32.12711489,55,Partner,42501_10131_855315,0,-69,,,,,,,,,,,,,,,,,,,,,,,,,,,,,,,,,,,,
28/10/2017 20:22,model=ONEPLUS A3003,34.85425377,32.12547759,54,Partner,42501_10131_855317,0,-69,HUAWEI-37A5,10:b1:f8:d9:37:a5,3,-73,,88:dc:96:59:79:04,40,-89,,,,,,,,,,,,,,,,,,,,,,,,,,,,
28/10/2017 20:22,model=ONEPLUS A3003,34.85205615,32.12640266,54,Partner,42501_10131_855317,0,-69,HUAWEI-37A5,10:b1:f8:d9:37:a5,3,-73,,88:dc:96:59:79:04,40,-89,,,,,,,,,,,,,,,,,,,,,,,,,,,,
28/10/2017 20:22,model=ONEPLUS A3003,34.85095731,32.12688384,56,Partner,42501_10131_855308,0,-69,,,,,,,,,,,,,,,,,,,,,,,,,,,,,,,,,,,,
28/10/2017 20:22,model=ONEPLUS A3003,34.84968974,32.12737562,56,Partner,42501_10131_917453,0,-69,,,,,,,,,,,,,,,,,,,,,,,,,,,,,,,,,,,,
28/10/2017 20:23,model=ONEPLUS A3003,34.83762145,32.13221624,77,Partner,42501_10131_917455,0,-73,NIPPON_6002,08:97:58:33:32:fe,1,-92,,,,,,,,,,,,,,,,,,,,,,,,,,,,,,,,
28/10/2017 20:23,model=ONEPLUS A3003,34.84476309,32.1293468,74,Partner,42501_10131_917453,0,-71,,,,,,,,,,,,,,,,,,,,,,,,,,,,,,,,,,,,
28/10/2017 20:23,model=ONEPLUS A3003,34.83653431,32.13271899,81,Partner,42501_10131_917455,0,-75,DansCarCam,58:70:c6:f7:c3:fd,5,-78,NIPPON_6002,08:97:58:33:32:fe,1,-92,,,,,,,,,,,,,,,,,,,,,,,,,,,,
28/10/2017 20:23,model=ONEPLUS A3003,34.83868554,32.1318137,80,Partner,42501_10131_917455,0,-69,NIPPON_6002,08:97:58:33:32:fe,1,-92,,,,,,,,,,,,,,,,,,,,,,,,,,,,,,,,
28/10/2017 20:23,model=ONEPLUS A3003,34.84027992,32.13119855,74,Partner,42501_10131_917455,0,-83,NIPPON_6002,08:97:58:33:32:fe,1,-92,,,,,,,,,,,,,,,,,,,,,,,,,,,,,,,,
28/10/2017 20:23,model=ONEPLUS A3003,34.84104361,32.13091051,80,Partner,42501_10131_917453,0,-63,,,,,,,,,,,,,,,,,,,,,,,,,,,,,,,,,,,,
28/10/2017 20:23,model=ONEPLUS A3003,34.84304361,32.13008297,77,Partner,42501_10131_917453,0,-71,,,,,,,,,,,,,,,,,,,,,,,,,,,,,,,,,,,,
28/10/2017 20:23,model=ONEPLUS A3003,34.84195764,32.13058008,77,Partner,42501_10131_917453,0,-69,,,,,,,,,,,,,,,,,,,,,,,,,,,,,,,,,,,,
28/10/2017 20:23,model=ONEPLUS A3003,34.83505095,32.13362637,77,Partner,42501_10131_2147483647,0,-71,DansCarCam,58:70:c6:f7:c3:fd,5,-78,,,,,,,,,,,,,,,,,,,,,,,,,,,,,,,,
28/10/2017 20:24,model=ONEPLUS A3003,34.83184749,32.13556967,67,Partner,42501_10131_852728,0,-75,DansCarCam,58:70:c6:f7:c3:fd,5,-78,YICarCam_00c234,58:70:c6:00:c2:34,6,-84,,,,,,,,,,,,,,,,,,,,,,,,,,,,
28/10/2017 20:24,model=ONEPLUS A3003,34.82323537,32.13808182,59,Ksolomon Outdoor,dc:9f:db:5a:d4:ed,3,-92,,,,,,,,,,,,,,,,,,,,,,,,,,,,,,,,,,,,
28/10/2017 20:24,model=ONEPLUS A3003,34.82367804,32.1379915,58,Partner,42501_10131_891006,0,-63,,,,,,,,,,,,,,,,,,,,,,,,,,,,,,,,,,,,
28/10/2017 20:24,model=ONEPLUS A3003,34.82646979,32.13740413,60,Partner,42501_10131_852728,0,-89,,,,,,,,,,,,,,,,,,,,,,,,,,,,,,,,,,,,
28/10/2017 20:24,model=ONEPLUS A3003,34.82435787,32.13783029,54,Partner,42501_10131_2147483647,0,-69,Ksolomon Outdoor,dc:9f:db:5a:d4:ed,3,-92,,,,,,,,,,,,,,,,,,,,,,,,,,,,,,,,
28/10/2017 20:24,model=ONEPLUS A3003,34.83349287,32.13448402,72,Partner,42501_10131_852733,0,-73,DansCarCam,58:70:c6:f7:c3:fd,5,-78,YICarCam_00c234,58:70:c6:00:c2:34,6,-84,,,,,,,,,,,,,,,,,,,,,,,,,,,,
28/10/2017 20:24,model=ONEPLUS A3003,34.82284187,32.13814067,60,Partner,42501_10131_891006,0,-57,,,,,,,,,,,,,,,,,,,,,,,,,,,,,,,,,,,,
28/10/2017 20:24,model=ONEPLUS A3003,34.82787581,32.13711402,61,Partner,42501_10131_852728,0,-79,,,,,,,,,,,,,,,,,,,,,,,,,,,,,,,,,,,,
28/10/2017 20:24,model=ONEPLUS A3003,34.83057202,32.1362062,64,Partner,42501_10131_852728,0,-71,YICarCam_00c234,58:70:c6:00:c2:34,6,-84,,,,,,,,,,,,,,,,,,,,,,,,,,,,,,,,
28/10/2017 20:24,model=ONEPLUS A3003,34.82926142,32.13669509,59,Partner,42501_10131_852728,0,-69,YICarCam_00c234,58:70:c6:00:c2:34,6,-84,,,,,,,,,,,,,,,,,,,,,,,,,,,,,,,,
28/10/2017 20:24,model=ONEPLUS A3003,34.82551615,32.13758243,60,Partner,42501_10131_2147483647,0,-65,Ksolomon Outdoor,dc:9f:db:5a:d4:ed,3,-92,,,,,,,,,,,,,,,,,,,,,,,,,,,,,,,,
28/10/2017 20:24,model=ONEPLUS A3003,34.82174473,32.13833157,60,Partner,42501_10131_891006,0,-57,Ksolomon Outdoor,dc:9f:db:5a:d4:ed,3,-92,,,,,,,,,,,,,,,,,,,,,,,,,,,,,,,,
28/10/2017 20:25,model=ONEPLUS A3003,34.81963455,32.1387161,56,Partner,42501_10131_891006,0,-57,,,,,,,,,,,,,,,,,,,,,,,,,,,,,,,,,,,,
28/10/2017 20:25,model=ONEPLUS A3003,34.8180936,32.13877826,57,Partner,42501_10131_891004,0,-61,,,,,,,,,,,,,,,,,,,,,,,,,,,,,,,,,,,,
28/10/2017 20:25,model=ONEPLUS A3003,34.81224906,32.13910179,48,Partner,42501_10131_853053,0,-79,,,,,,,,,,,,,,,,,,,,,,,,,,,,,,,,,,,,
28/10/2017 20:25,model=ONEPLUS A3003,34.8168643,32.13885359,52,Partner,42501_10131_891004,0,-65,,,,,,,,,,,,,,,,,,,,,,,,,,,,,,,,,,,,
28/10/2017 20:25,model=ONEPLUS A3003,34.81892292,32.13881159,57,Partner,42501_10131_891004,0,-71,Ksolomon Outdoor,dc:9f:db:5a:d4:ed,3,-92,,,,,,,,,,,,,,,,,,,,,,,,,,,,,,,,
28/10/2017 20:25,model=ONEPLUS A3003,34.82012297,32.13864484,56,Ksolomon Outdoor,dc:9f:db:5a:d4:ed,3,-92,,,,,,,,,,,,,,,,,,,,,,,,,,,,,,,,,,,,
28/10/2017 20:25,model=ONEPLUS A3003,34.81432722,32.13874247,52,Partner,42501_10131_891004,0,-77,,,,,,,,,,,,,,,,,,,,,,,,,,,,,,,,,,,,
28/10/2017 20:25,model=ONEPLUS A3003,34.81129882,32.13938723,49,Partner,42501_10131_853053,0,-73,,,,,,,,,,,,,,,,,,,,,,,,,,,,,,,,,,,,
28/10/2017 20:25,model=ONEPLUS A3003,34.82106223,32.13845419,60,Partner,42501_10131_891006,0,-51,,,,,,,,,,,,,,,,,,,,,,,,,,,,,,,,,,,,
28/10/2017 20:25,model=ONEPLUS A3003,34.81038204,32.14108617,46,Partner,42501_10131_853053,0,-65,,,,,,,,,,,,,,,,,,,,,,,,,,,,,,,,,,,,
28/10/2017 20:25,model=ONEPLUS A3003,34.81333853,32.13888958,51,Partner,42501_10131_853053,0,-81,,,,,,,,,,,,,,,,,,,,,,,,,,,,,,,,,,,,
28/10/2017 20:25,model=ONEPLUS A3003,34.81086067,32.13967611,49,Partner,42501_10131_853053,0,-67,,,,,,,,,,,,,,,,,,,,,,,,,,,,,,,,,,,,
28/10/2017 20:25,model=ONEPLUS A3003,34.81554974,32.13874534,54,Partner,42501_10131_891004,0,-75,,,,,,,,,,,,,,,,,,,,,,,,,,,,,,,,,,,,
28/10/2017 20:26,model=ONEPLUS A3003,34.81322129,32.15138138,51,Partner,42501_10131_887513,0,-63,,,,,,,,,,,,,,,,,,,,,,,,,,,,,,,,,,,,
28/10/2017 20:26,model=ONEPLUS A3003,34.81036877,32.1416438,47,Partner,42501_10131_853056,0,-69,,,,,,,,,,,,,,,,,,,,,,,,,,,,,,,,,,,,
28/10/2017 20:26,model=ONEPLUS A3003,34.81042947,32.14284875,45,Partner,42501_10131_853056,0,-73,,,,,,,,,,,,,,,,,,,,,,,,,,,,,,,,,,,,
28/10/2017 20:26,model=ONEPLUS A3003,34.81065131,32.1440377,44,Partner,42501_10131_853056,0,-77,,,,,,,,,,,,,,,,,,,,,,,,,,,,,,,,,,,,
28/10/2017 20:26,model=ONEPLUS A3003,34.81208284,32.14825201,44,Partner,42501_10131_887513,0,-79,,,,,,,,,,,,,,,,,,,,,,,,,,,,,,,,,,,,
28/10/2017 20:26,model=ONEPLUS A3003,34.81141431,32.14633696,43,Partner,42501_10131_853053,0,-79,,,,,,,,,,,,,,,,,,,,,,,,,,,,,,,,,,,,
28/10/2017 20:26,model=ONEPLUS A3003,34.81232499,32.14890879,45,Partner,42501_10131_887513,0,-71,,,,,,,,,,,,,,,,,,,,,,,,,,,,,,,,,,,,
28/10/2017 20:26,model=ONEPLUS A3003,34.811688,32.1471909,44,Partner,42501_10131_887513,0,-77,,,,,,,,,,,,,,,,,,,,,,,,,,,,,,,,,,,,
28/10/2017 20:26,model=ONEPLUS A3003,34.81095058,32.14514628,45,Partner,42501_10131_853056,0,-77,,,,,,,,,,,,,,,,,,,,,,,,,,,,,,,,,,,,
28/10/2017 20:26,model=ONEPLUS A3003,34.81370119,32.1526478,51,Partner,42501_10131_887513,0,-63,,,,,,,,,,,,,,,,,,,,,,,,,,,,,,,,,,,,
28/10/2017 20:26,model=ONEPLUS A3003,34.81274392,32.15014964,50,Partner,42501_10131_887513,0,-67,,,,,,,,,,,,,,,,,,,,,,,,,,,,,,,,,,,,
28/10/2017 20:27,model=ONEPLUS A3003,34.81614244,32.15893539,51,Partner,42501_10131_887514,0,-85,,,,,,,,,,,,,,,,,,,,,,,,,,,,,,,,,,,,
28/10/2017 20:27,model=ONEPLUS A3003,34.81524137,32.1566045,50,Partner,42501_10131_887514,0,-69,,,,,,,,,,,,,,,,,,,,,,,,,,,,,,,,,,,,
28/10/2017 20:27,model=ONEPLUS A3003,34.81466423,32.15527415,50,Partner,42501_10131_887514,0,-69,,,,,,,,,,,,,,,,,,,,,,,,,,,,,,,,,,,,
28/10/2017 20:27,model=ONEPLUS A3003,34.81417935,32.1539384,50,Partner,42501_10131_887514,0,-65,,,,,,,,,,,,,,,,,,,,,,,,,,,,,,,,,,,,
28/10/2017 20:27,model=ONEPLUS A3003,34.81730426,32.1618493,52,Partner,42501_10131_888980,0,-89,,,,,,,,,,,,,,,,,,,,,,,,,,,,,,,,,,,,
28/10/2017 20:27,model=ONEPLUS A3003,34.81839177,32.16136656,53,Partner,42501_10131_888980,0,-75,,,,,,,,,,,,,,,,,,,,,,,,,,,,,,,,,,,,
28/10/2017 20:27,model=ONEPLUS A3003,34.81716361,32.16158685,54,Partner,42501_10131_882994,0,-89,,,,,,,,,,,,,,,,,,,,,,,,,,,,,,,,,,,,
28/10/2017 20:27,model=ONEPLUS A3003,34.81677874,32.16050468,53,Partner,42501_10131_882994,0,-89,,,,,,,,,,,,,,,,,,,,,,,,,,,,,,,,,,,,
28/10/2017 20:27,model=ONEPLUS A3003,34.81656678,32.16000561,52,Partner,42501_10131_887514,0,-89,,,,,,,,,,,,,,,,,,,,,,,,,,,,,,,,,,,,
28/10/2017 20:27,model=ONEPLUS A3003,34.81575136,32.15785731,50,Partner,42501_10131_887514,0,-73,,,,,,,,,,,,,,,,,,,,,,,,,,,,,,,,,,,,
28/10/2017 20:27,model=ONEPLUS A3003,34.81752706,32.16217455,53,Partner,42501_10131_888980,0,-83,,,,,,,,,,,,,,,,,,,,,,,,,,,,,,,,,,,,
28/10/2017 20:28,model=ONEPLUS A3003,34.81328465,32.16036566,48,Partner,42501_10131_861579,0,-99,,,,,,,,,,,,,,,,,,,,,,,,,,,,,,,,,,,,
28/10/2017 20:28,model=ONEPLUS A3003,34.81820126,32.16123294,55,Partner,42501_10131_888980,0,-69,,,,,,,,,,,,,,,,,,,,,,,,,,,,,,,,,,,,
28/10/2017 20:28,model=ONEPLUS A3003,34.81643212,32.16074225,61,Partner,42501_10131_882990,0,-81,,,,,,,,,,,,,,,,,,,,,,,,,,,,,,,,,,,,
28/10/2017 20:28,model=ONEPLUS A3003,34.81202239,32.16036855,47,Partner,42501_10131_861579,0,-79,NIPPON_3422,08:97:58:33:e0:b8,2,-85,,,,,,,,,,,,,,,,,,,,,,,,,,,,,,,,
28/10/2017 20:28,model=ONEPLUS A3003,34.81278234,32.16034521,48,Partner,42501_10131_861579,0,-93,,,,,,,,,,,,,,,,,,,,,,,,,,,,,,,,,,,,
28/10/2017 20:28,model=ONEPLUS A3003,34.81699317,32.16084519,60,Partner,42501_10131_888980,0,-77,,,,,,,,,,,,,,,,,,,,,,,,,,,,,,,,,,,,
28/10/2017 20:28,model=ONEPLUS A3003,34.81483091,32.16054205,59,Partner,42501_10131_888980,0,-83,,,,,,,,,,,,,,,,,,,,,,,,,,,,,,,,,,,,
28/10/2017 20:28,model=ONEPLUS A3003,34.8153191,32.16061184,59,Partner,42501_10131_882990,0,-79,,,,,,,,,,,,,,,,,,,,,,,,,,,,,,,,,,,,
28/10/2017 20:28,model=ONEPLUS A3003,34.81241069,32.16033443,46,hy-pack,00:1d:0f:ea:83:59,6,-87,iPhone,3a:65:90:02:b7:a8,1,-90,,,,,,,,,,,,,,,,,,,,,,,,,,,,,,,,
28/10/2017 20:28,model=ONEPLUS A3003,34.81346205,32.16039201,49,hy-pack,00:1d:0f:ea:83:59,6,-87,iPhone,3a:65:90:02:b7:a8,1,-90,Partner,42501_10131_882990,0,-91,,,,,,,,,,,,,,,,,,,,,,,,,,,,
28/10/2017 20:29,model=ONEPLUS A3003,34.81197835,32.16031178,43,Partner,42501_10131_861579,0,-71,CarDV-WIFI89e5,44:33:4c:20:80:9c,11,-90,,88:dc:96:17:c1:5c,6,-91,,,,,,,,,,,,,,,,,,,,,,,,,,,,
28/10/2017 20:29,model=ONEPLUS A3003,34.81197963,32.16030835,44,CarDV-WIFI89e5,44:33:4c:20:80:9c,11,-96,,,,,,,,,,,,,,,,,,,,,,,,,,,,,,,,,,,,
28/10/2017 20:30,model=ONEPLUS A3003,34.80952672,32.1619813,41,Partner,42501_10131_861581,0,-51,,,,,,,,,,,,,,,,,,,,,,,,,,,,,,,,,,,,
28/10/2017 20:30,model=ONEPLUS A3003,34.8104834,32.16094197,36,,00:18:25:06:de:1a,6,-78,,34:8f:27:20:75:b9,9,-78,DoubleVerify,84:18:3a:7c:ed:d9,11,-79,WiFi01,84:18:3a:38:31:28,13,-80,DIRECT-F9-HP OfficeJet 6950,c8:d3:ff:c2:56:fa,11,-80,PlariumGuests,84:18:3a:78:31:28,13,-80,Ivean,84:18:3a:3c:ed:d9,11,-81,Plarium_Dev,84:18:3a:b8:69:f8,6,-81,idc,84:18:3a:bc:ed:d8,11,-82,Plarium_Dev,84:18:3a:b8:31:28,
28/10/2017 20:30,model=ONEPLUS A3003,34.81155841,32.16042397,39,Ivean,84:18:3a:3c:ed:d9,11,-85,WeWork,84:18:3a:7c:ed:d8,11,-85,inPact,84:18:3a:fc:ed:d8,11,-86,DoubleVerify,84:18:3a:7c:ed:d9,11,-86,WW Guest,84:18:3a:3c:ed:d8,11,-86,idc,84:18:3a:bc:ed:d8,11,-87,AndroidAP,ac:37:43:a9:d2:5a,6,-90,,,,,,,,,,,,
28/10/2017 20:30,model=ONEPLUS A3003,34.81065891,32.16079582,36,Plarium_Dev,84:18:3a:b8:5c:68,3,-75,WiFi01,84:18:3a:38:5c:68,3,-76,PlariumGuests,84:18:3a:78:5c:68,3,-77,PlariumGuests,84:18:3a:78:7a:c8,13,-79,Plarium_Dev,84:18:3a:b8:7a:c8,13,-80,BI WIFI,34:8f:27:e0:75:b8,9,-81,MWTL Mobile (POMS),34:8f:27:a0:75:b8,9,-81,PlariumGuests,84:18:3a:78:69:f8,6,-81,Matrix HZ WiFi,34:8f:27:20:75:b8,9,-82,SEW132_24378992,08:97:58:32:90:20,
28/10/2017 20:30,model=ONEPLUS A3003,34.81006761,32.16282313,50,Partner,42501_10131_852359,0,-65,,88:dc:96:17:c0:9e,6,-71,EF_Guest,56:d9:e7:d7:c6:14,1,-72,elastifile,46:d9:e7:d7:c6:14,1,-73,Partner-4G-8AB4,b0:89:00:d8:8a:b4,5,-76,4G_UFI-E63,3a:12:2d:b9:ce:63,3,-82,AP-1 station,68:72:51:26:f0:94,13,-84,CST-IL-WLAN,80:2a:a8:4a:c9:37,3,-84,SETUP,2a:66:bc:ce:e1:75,11,-87,elinove,00:1e:e5:04:e5:a1,
28/10/2017 20:30,model=ONEPLUS A3003,34.80999563,32.16131895,36,Partner,42501_10131_861579,0,-59,,,,,,,,,,,,,,,,,,,,,,,,,,,,,,,,,,,,
28/10/2017 20:30,model=ONEPLUS A3003,34.81081801,32.16068784,38,Partner,42501_10131_861579,0,-75,,,,,,,,,,,,,,,,,,,,,,,,,,,,,,,,,,,,
28/10/2017 20:30,model=ONEPLUS A3003,34.80978916,32.1623526,51,offise2.4,48:ee:0c:3e:ad:41,8,-77,MeetingRoom-Fuji,14:cc:20:ac:a8:ec,8,-84,MWTL Mobile (POMS),ec:8c:a2:88:f1:98,4,-89,MWTL,ec:8c:a2:48:f1:98,4,-90,,,,,,,,,,,,,,,,,,,,,,,,
28/10/2017 20:30,model=ONEPLUS A3003,34.80946799,32.16174181,38,Partner,42501_10131_2147483647,0,-51,,88:dc:96:17:c0:9e,6,-71,EF_Guest,56:d9:e7:d7:c6:14,1,-72,WiFi01,84:18:3a:38:5c:68,3,-73,PlariumGuests,84:18:3a:78:5c:68,3,-73,elastifile,46:d9:e7:d7:c6:14,1,-73,,88:dc:96:17:c1:5c,6,-73,Plarium_Dev,84:18:3a:b8:5c:68,3,-75,Partner-4G-8AB4,b0:89:00:d8:8a:b4,5,-76,BI WIFI,34:8f:27:e0:75:b8,
28/10/2017 20:30,model=ONEPLUS A3003,34.80967101,32.16218496,48,AP1,70:62:b8:91:9b:63,1,-73,Office Network,90:a7:c1:0c:4d:14,10,-78,Triumph,10:0d:7f:86:c9:7c,5,-81,Ezel dudi2.4,10:5a:f7:0a:2b:c1,11,-81,Office Network,90:a7:c1:0c:50:50,1,-83,tandoori_2EX,74:da:38:c3:3e:01,1,-83,225_5eb2c0,a0:ab:1b:5e:b2:c4,9,-84,HP-Print-ca-LaserJet 400 MFP,0c:84:dc:3e:43:ca,1,-86,Matrix HZ WiFi,ec:8c:a2:08:f1:98,4,-87,BI WIFI,ec:8c:a2:c9:cc:f8,
28/10/2017 20:31,model=ONEPLUS A3003,34.81029701,32.16314692,52,WeDiggIT,64:a5:c3:6a:07:10,11,-81,BezeqNGN_006029Hz_2.4G_1,c4:12:f5:82:33:5a,1,-86,,6c:b0:ce:ac:37:6b,1,-88,WeDiggIT's Lab Wi-Fi 5GHz,64:a5:c3:6a:0b:a2,6,-89,Maagalim-Guest,26:0a:64:b7:14:16,1,-89,WeDiggIT's Lab Guest,66:a2:0b:6a:c3:a0,6,-89,Bezeq Free,72:b0:ce:ac:37:68,1,-89,compvision,f8:e9:03:11:b4:83,1,-90,HP-Print-D6-Officejet Pro 8610,fc:15:b4:a7:c3:d6,6,-93,,,,
28/10/2017 20:31,model=ONEPLUS A3003,34.81032714,32.16320456,52,Office Network,90:a7:c1:0c:4d:14,10,-86,Office Network,90:a7:c1:0c:50:50,1,-86,Matrix HZ WiFi,ec:8c:a2:08:f1:98,4,-92,,,,,,,,,,,,,,,,,,,,,,,,,,,,
28/10/2017 20:31,model=ONEPLUS A3003,34.8105794,32.16357322,53,Partner,42501_10131_852359,0,-59,,,,,,,,,,,,,,,,,,,,,,,,,,,,,,,,,,,,
28/10/2017 20:31,model=ONEPLUS A3003,34.8104742,32.16344567,54,offise2.4,48:ee:0c:3e:ad:41,8,-77,WeDiggIT's Lab Guest,66:f4:25:6a:c3:a0,1,-81,WeDiggIT's Lab Wi-Fi,64:a5:c3:6a:25:f4,1,-81,MeetingRoom-Fuji,14:cc:20:ac:a8:ec,8,-84,Innovation-AfricA,cc:b2:55:e6:11:d8,6,-84,Voicesense_guest,90:6c:ac:aa:61:a2,11,-85,BezeqNGN_W02A45_2.4GHz_1,20:0c:c8:11:19:7e,1,-85,MWTL Mobile (POMS),ec:8c:a2:88:f1:98,4,-91,axentia Guest,4e:a9:d2:86:e3:c0,2,-91,Gavish,00:30:4f:6b:65:40,
28/10/2017 20:31,model=ONEPLUS A3003,34.81150892,32.1656511,63,WeDiggIT's Lab Guest,66:f4:25:6a:c3:a0,1,-81,WeDiggIT's Lab Wi-Fi,64:a5:c3:6a:25:f4,1,-81,Innovation-AfricA,cc:b2:55:e6:11:d8,6,-84,Voicesense_guest,90:6c:ac:aa:61:a2,11,-85,BezeqNGN_W02A45_2.4GHz_1,20:0c:c8:11:19:7e,1,-85,axentia Guest,4e:a9:d2:86:e3:c0,2,-91,Gavish,00:30:4f:6b:65:40,6,-91,HP-Print-85-Color LaserJet MFP,c4:8e:8f:5f:48:85,1,-91,axentia,48:a9:d2:86:e3:c0,2,-93,,,,
28/10/2017 20:31,model=ONEPLUS A3003,34.81148737,32.16523969,65,Howazit,1c:b9:c4:0f:44:b8,8,-74,Bizur_2.4,14:ae:db:36:82:35,6,-77,Howazit,1c:b9:c4:0f:44:bc,36,-82,DIRECT-AD-HP OfficeJet Pro 8730,ee:8e:b5:09:8a:ad,8,-83,AppleWifi,f0:7f:06:68:c6:60,5,-83,InnerEye,b8:62:1f:53:a1:5c,6,-84,,f0:7f:06:68:c6:62,5,-85,HP-Print-CF-Officejet Pro 8600,2c:59:e5:ee:6c:cf,6,-86,HOTBOX-260D,7c:b7:33:bf:26:13,3,-87,V6_guest,3c:1e:04:08:b2:36,
28/10/2017 20:31,model=ONEPLUS A3003,34.81146383,32.16580265,64,KD_Office_2,74:da:38:2e:ab:c9,5,-79,Rhodium-WiFi,70:3a:cb:6a:d0:4f,6,-79,Gandyr-right,74:da:38:3b:d8:08,6,-80,Rhodium-WiFi,70:3a:cb:6a:ca:ae,1,-81,Rhodium-WiFi-guest,72:3a:cb:6a:ca:ac,1,-82,Edimax AP,80:1f:02:5d:a4:b8,11,-82,HP-Print-82-LaserJet 200 color,68:94:23:24:b1:82,6,-82,JOSHUA,14:ae:db:3d:c0:92,1,-84,dbwguest,ce:d7:19:0e:ff:95,11,-84,  InnovationEndeavors,74:da:38:a9:1c:df,
28/10/2017 20:31,model=ONEPLUS A3003,34.81035795,32.16611415,58,Howazit,1c:b9:c4:0f:44:b8,8,-74,Rhodium-WiFi-guest,72:3a:cb:6a:d0:4c,6,-74,Rhodium-WiFi,70:3a:cb:6a:d0:4f,6,-75,Partner,42501_10131_883001,0,-75,Bizur_2.4,14:ae:db:36:82:35,6,-77,HP-Print-82-LaserJet 200 color,68:94:23:24:b1:82,6,-78,Gandyr-right,74:da:38:3b:d8:08,6,-80,KD_Office_2,74:da:38:2e:ab:c9,5,-81,Rhodium-WiFi,70:3a:cb:6a:ca:ae,1,-81,Howazit,1c:b9:c4:0f:44:bc,
28/10/2017 20:31,model=ONEPLUS A3003,34.81113453,32.16446865,57,WeDiggIT's Lab Guest,66:f4:25:6a:c3:a0,1,-81,WeDiggIT's Lab Wi-Fi,64:a5:c3:6a:25:f4,1,-81,Innovation-AfricA,cc:b2:55:e6:11:d8,6,-84,Voicesense_guest,90:6c:ac:aa:61:a2,11,-85,BezeqNGN_W02A45_2.4GHz_1,20:0c:c8:11:19:7e,1,-85,axentia Guest,4e:a9:d2:86:e3:c0,2,-91,Gavish,00:30:4f:6b:65:40,6,-91,HP-Print-85-Color LaserJet MFP,c4:8e:8f:5f:48:85,1,-91,axentia,48:a9:d2:86:e3:c0,2,-93,,,,
28/10/2017 20:31,model=ONEPLUS A3003,34.81148912,32.16532378,64,Partner,42501_10131_883001,0,-63,Si-o-Net_5,44:94:fc:66:61:46,6,-80,yakov,e8:fc:af:9d:79:78,1,-82,MIRI,70:62:b8:34:15:46,5,-86,DIRECT-20-HP DeskJet 4670 series,c8:d3:ff:7c:08:21,1,-87,DecorHRZ2-2Ghz,50:c7:bf:8a:79:60,11,-88,bsh-Home-ADSL,50:57:a8:67:11:29,6,-88,,00:26:99:70:ae:c0,1,-88,BezeqNGN_009790_5GHz_1,3c:1e:04:08:b2:37,48,-88,yakov5,e8:fc:af:9d:79:79,
28/10/2017 20:31,model=ONEPLUS A3003,34.81137326,32.16583507,60,Rhodium-WiFi-guest,72:3a:cb:6a:d0:4c,6,-74,Playrix2.4G,f2:9f:c2:91:07:b0,11,-82,DIRECT-a7-HP M477 LaserJet,42:49:0f:37:21:a7,6,-85,,e8:fc:af:9c:65:c1,1,-87,Hyundai,14:ae:db:c8:24:1d,1,-90,Bezeq Free,62:b0:ce:2f:4b:3c,1,-91,3MGuest,00:16:9c:92:1d:c1,1,-92,,,,,,,,,,,,
28/10/2017 20:31,model=ONEPLUS A3003,34.81096271,32.16414569,55,HOTBOX-260D,7c:b7:33:bf:26:13,3,-82,BezeqFree,06:ae:db:b6:59:e5,1,-88,yakov,e8:fc:af:9d:79:78,1,-89,Mitrelli_Guest,2c:c5:d3:50:a6:88,6,-90,8084789,80:37:73:e6:96:d2,1,-90,users,2c:c5:d3:10:a6:88,6,-91,Aoffice,00:10:f3:63:f7:67,4,-92,Huawei_ALE_dc74,80:13:82:a7:08:1b,11,-94,,,,,,,,
28/10/2017 20:31,model=ONEPLUS A3003,34.81086727,32.16398945,55,Micasah2,74:da:38:c3:45:a5,3,-88,,88:dc:96:17:c1:5c,6,-89,Suzanna,10:5a:f7:02:4e:31,1,-92,BI WIFI,ec:8c:a2:c8:f1:98,4,-93,,ec:8c:a2:08:f1:99,4,-94,,,,,,,,,,,,,,,,,,,,
28/10/2017 20:31,model=ONEPLUS A3003,34.81104279,32.16429799,56,Partner,42501_10131_883001,0,-63,Si-o-Net_5,44:94:fc:66:61:46,6,-80,yakov,e8:fc:af:9d:79:78,1,-82,MIRI,70:62:b8:34:15:46,5,-86,DIRECT-20-HP DeskJet 4670 series,c8:d3:ff:7c:08:21,1,-87,DecorHRZ2-2Ghz,50:c7:bf:8a:79:60,11,-88,bsh-Home-ADSL,50:57:a8:67:11:29,6,-88,,00:26:99:70:ae:c0,1,-88,BezeqNGN_009790_5GHz_1,3c:1e:04:08:b2:37,48,-88,yakov5,e8:fc:af:9d:79:79,
28/10/2017 20:32,model=ONEPLUS A3003,34.80949232,32.16649294,57,Pitarohecht,00:02:6f:a6:f1:f3,1,-78,Ezbob_Guest,06:02:6f:12:34:56,1,-90,,,,,,,,,,,,,,,,,,,,,,,,,,,,,,,,
28/10/2017 20:32,model=ONEPLUS A3003,34.80902622,32.16669516,53,Rhodium-WiFi-guest,72:3a:cb:6a:d0:4c,6,-74,Rhodium-WiFi,70:3a:cb:6a:d0:4f,6,-75,HP-Print-82-LaserJet 200 color,68:94:23:24:b1:82,6,-78,Partner,42501_10131_883001,0,-79,KD_Office_2,74:da:38:2e:ab:c9,5,-81,HP-Print-A0-LaserJet Pro MFP,30:f7:72:6e:8e:a0,6,-81,BlueSnap-Guest-2.4GHz,00:02:6f:bb:fd:ac,1,-81,Playrix2.4G,f2:9f:c2:91:07:b0,11,-82,Edimax AP,80:1f:02:5d:a4:b8,11,-84,sulam,90:6c:ac:c7:95:cd,
28/10/2017 20:32,model=ONEPLUS A3003,34.80959032,32.16644649,57,CMT-ALap,94:10:3e:a8:34:a0,36,-81,CArgentina,30:b5:c2:bd:55:32,2,-81,HP-Print-b7-LaserJet 300,34:23:87:36:c9:b7,1,-85,bacapital_5,6c:b0:ce:ab:5a:a2,60,-90,HP-Print-A0-LaserJet Pro MFP,30:f7:72:6e:8e:a0,6,-90,Ezbob_WiFi,0c:8d:db:65:8e:b1,6,-91,kopel_guest,d8:5d:4c:d9:9e:ee,1,-92,,,,,,,,,,,,
28/10/2017 20:32,model=ONEPLUS A3003,34.8083837,32.16698918,51,Pitarohecht,00:02:6f:a6:f1:f3,1,-78,CArgentina,30:b5:c2:bd:55:32,2,-81,Partner,42501_10131_2147483647,0,-81,HP-Print-b7-LaserJet 300,34:23:87:36:c9:b7,1,-85,CMT-ALap,94:10:3e:a8:34:a0,36,-86,bacapital_5,6c:b0:ce:ab:5a:a2,60,-90,Ezbob_Guest,06:02:6f:12:34:56,1,-90,Ezbob_WiFi,0c:8d:db:65:8e:b1,6,-91,kopel_guest,d8:5d:4c:d9:9e:ee,1,-92,,,,
28/10/2017 20:32,model=ONEPLUS A3003,34.80806405,32.16712009,50,Partner,42501_10131_853910,0,-81,,,,,,,,,,,,,,,,,,,,,,,,,,,,,,,,,,,,
28/10/2017 20:32,model=ONEPLUS A3003,34.80787979,32.16726886,47,Vexlerar_2EX,74:da:38:cc:d8:80,9,-90,,,,,,,,,,,,,,,,,,,,,,,,,,,,,,,,,,,,
28/10/2017 20:32,model=ONEPLUS A3003,34.80837957,32.16839084,46,HP-Print-A0-LaserJet Pro MFP,30:f7:72:6e:8e:a0,6,-81,BlueSnap-Guest-2.4GHz,00:02:6f:bb:fd:ac,1,-81,avner,38:ff:36:27:5b:b8,11,-83,CMT-ALap,94:10:3e:a8:34:a0,36,-86,BENY PUR,d8:fe:e3:03:c7:b1,6,-87,,fa:8f:ca:93:a5:64,6,-87,506679780,5a:fe:e3:03:c7:b3,6,-88,,a6:3d:cf:fb:0c:b8,8,-88,Vexlerar_2EX,74:da:38:cc:d8:80,9,-90,DIRECT-EA-HP OfficeJet Pro 6960,30:e1:71:c5:17:eb,
28/10/2017 20:32,model=ONEPLUS A3003,34.80794003,32.16721229,48,HP-Print-A0-LaserJet Pro MFP,30:f7:72:6e:8e:a0,6,-81,BlueSnap-Guest-2.4GHz,00:02:6f:bb:fd:ac,1,-81,sulam,90:6c:ac:c7:95:cd,11,-85,dbwguest,ce:d7:19:0e:ff:95,11,-86,Training Room,8e:15:44:ac:d4:e4,6,-86,BENY PUR,d8:fe:e3:03:c7:b1,6,-87,Home.,a0:ab:1b:62:a7:bc,2,-87,,fa:8f:ca:93:a5:64,6,-87,Training Room,8e:15:54:ac:d4:e4,44,-90,,88:dc:96:4b:ee:f3,
